Number of Servers,Season,Server Time (hours),Surrounding Temperature (°C),Current Server Temperature (°C),Maintainable Server Temperature (°C),Total Water Required (liters)
152,2,24,30.92,50.81,48.0,213
485,3,24,35.2,52.63,50.64,482
398,2,24,23.62,30.61,26.45,827
320,0,24,32.63,61.22,57.68,566
156,2,24,15.39,44.46,41.33,244
121,2,24,23.95,46.26,43.69,155
238,0,24,17.08,62.37,60.2,258
70,2,24,19.5,45.17,40.88,150
152,0,24,30.63,31.89,29.08,213
171,0,24,35.86,37.06,34.05,257
264,3,24,9.25,68.24,65.16,406
380,1,24,27.21,32.82,30.03,530
137,1,24,25.38,44.2,42.18,138
422,2,24,9.14,50.13,48.65,312
149,2,24,12.42,49.73,48.34,103
409,3,24,15.89,30.16,26.13,824
201,3,24,10.84,50.05,48.16,189
180,3,24,13.53,45.35,44.13,109
199,0,24,14.37,68.88,64.69,416
358,3,24,16.75,36.37,34.75,289
307,3,24,31.23,44.17,40.67,537
393,2,24,25.02,46.78,44.43,461
463,3,24,39.52,45.63,44.12,349
343,0,24,19.52,56.63,53.97,456
435,0,24,31.39,38.62,37.56,230
241,2,24,35.5,38.84,34.48,525
493,3,24,28.76,59.17,56.12,751
326,3,24,19.42,50.01,48.45,254
210,0,24,31.38,46.61,44.66,204
363,3,24,12.13,36.77,33.98,506
71,3,24,16.46,37.5,35.74,62
302,3,24,24.13,30.42,28.35,312
285,1,24,25.14,33.66,30.52,447
394,2,24,5.77,52.27,47.94,853
98,1,24,38.08,65.67,63.06,127
108,2,24,29.38,41.49,37.62,208
219,0,24,22.35,43.11,38.6,493
237,3,24,37.66,34.62,32.75,221
320,2,24,20.37,45.55,41.32,676
239,1,24,39.32,31.49,27.46,481
495,3,24,22.93,66.7,64.27,601
224,0,24,9.0,56.92,51.96,555
495,2,24,31.77,69.63,67.58,507
100,2,24,28.76,65.31,63.29,101
413,2,24,32.05,48.92,44.83,844
104,3,24,38.3,50.79,48.05,142
293,1,24,32.18,37.62,35.3,339
369,1,24,26.4,48.48,46.77,315
180,2,24,35.01,66.12,62.06,365
356,0,24,28.56,32.03,27.88,738
184,0,24,19.28,64.54,61.27,300
70,1,24,36.0,43.64,38.81,169
378,0,24,12.77,65.98,63.71,429
216,1,24,30.01,67.64,65.76,203
323,2,24,35.85,56.83,53.12,599
437,1,24,30.6,56.58,52.55,880
138,1,24,29.4,48.11,46.21,131
365,2,24,31.34,63.42,62.11,239
63,0,24,21.28,68.46,64.22,133
291,1,24,35.6,61.0,56.09,714
314,1,24,12.12,54.88,51.3,562
395,2,24,9.46,54.27,52.16,416
102,0,24,14.99,63.98,58.99,254
435,1,24,23.61,51.65,47.08,993
389,2,24,22.87,62.15,59.1,593
141,1,24,33.72,50.36,46.06,303
416,3,24,19.16,32.5,28.24,886
493,2,24,21.95,45.36,40.62,1168
477,0,24,5.47,47.78,43.42,1039
313,0,24,19.34,35.66,32.09,558
480,0,24,27.67,34.1,30.66,825
84,0,24,5.54,51.42,48.55,120
255,1,24,14.83,33.41,29.9,447
130,1,24,12.28,42.12,37.94,271
469,0,24,6.47,59.78,54.9,1144
99,0,24,21.77,68.58,65.71,142
409,0,24,11.36,58.71,55.42,672
437,1,24,31.01,69.71,66.93,607
51,0,24,34.68,57.93,54.26,93
439,0,24,24.1,41.75,38.23,772
103,3,24,39.36,56.88,55.81,55
155,3,24,20.77,58.09,54.93,244
309,0,24,22.97,44.87,43.52,208
359,2,24,39.62,30.71,29.6,199
240,0,24,13.1,58.13,53.97,499
451,3,24,37.99,30.87,28.84,457
267,2,24,6.5,55.25,52.89,315
93,2,24,20.62,36.54,35.28,58
211,0,24,7.45,52.62,50.9,181
251,3,24,30.52,50.16,46.1,509
495,3,24,26.29,30.54,27.57,735
319,2,24,29.73,44.51,39.99,720
400,0,24,18.11,54.04,51.45,517
353,1,24,17.93,63.94,61.87,365
320,1,24,6.59,65.55,63.16,382
264,3,24,17.25,49.35,45.5,508
301,1,24,37.53,59.14,55.92,484
239,3,24,18.27,42.66,38.04,552
345,3,24,34.1,43.69,40.28,588
262,3,24,34.48,37.78,34.81,389
257,1,24,18.06,52.48,48.34,531
286,3,24,27.12,42.58,37.79,684
387,2,24,8.34,33.37,30.95,468
416,0,24,8.63,57.4,55.4,416
102,0,24,6.7,58.31,54.85,176
329,3,24,25.34,44.4,41.4,493
459,0,24,19.91,33.07,28.11,1138
266,1,24,24.18,47.05,44.2,379
301,1,24,23.24,47.69,46.39,195
237,0,24,17.26,56.75,51.84,581
429,1,24,28.71,42.62,38.25,937
90,0,24,31.55,57.3,55.59,76
206,0,24,5.51,64.86,60.24,475
64,0,24,12.25,39.5,37.14,75
350,3,24,29.96,69.16,66.65,439
114,0,24,18.53,45.45,40.82,263
394,3,24,28.19,40.69,37.57,614
376,0,24,17.14,46.86,45.31,291
58,0,24,18.68,33.78,31.3,71
393,0,24,10.55,35.03,31.14,764
178,1,24,14.04,46.58,44.88,151
185,3,24,26.19,60.5,57.14,310
112,3,24,20.16,66.01,62.23,211
188,0,24,32.1,56.59,54.21,223
130,0,24,34.84,34.21,30.43,245
441,1,24,23.96,56.88,52.34,1001
212,1,24,31.54,55.42,52.53,306
468,1,24,15.74,62.23,59.7,592
338,3,24,19.52,63.01,61.01,338
428,3,24,29.95,64.73,61.31,731
310,3,24,18.52,46.57,42.05,700
280,0,24,25.6,57.91,55.61,321
90,3,24,11.49,40.73,38.15,116
77,2,24,25.99,69.97,67.34,101
184,2,24,35.15,37.01,33.77,298
250,1,24,35.4,30.4,28.49,238
377,3,24,30.35,35.95,31.66,808
317,2,24,31.1,61.03,58.85,345
467,1,24,24.53,47.87,44.05,891
82,3,24,25.46,47.9,44.85,125
97,0,24,9.68,68.2,64.86,161
456,2,24,20.54,66.79,65.07,392
111,0,24,20.78,42.45,38.51,218
265,3,24,38.55,38.36,36.61,231
342,2,24,20.09,63.94,62.49,247
148,3,24,24.23,66.24,63.05,236
221,0,24,23.66,51.66,47.82,424
409,2,24,27.29,55.18,53.98,245
263,0,24,31.19,40.28,39.0,168
84,3,24,12.88,62.03,57.82,176
498,3,24,23.51,55.28,51.04,1055
276,0,24,33.91,50.14,48.16,273
150,2,24,21.21,32.4,28.94,259
480,0,24,14.75,66.64,63.87,664
180,3,24,27.91,54.62,51.09,317
306,0,24,33.83,37.71,33.26,680
54,3,24,7.21,54.26,52.94,35
267,0,24,32.19,57.1,52.99,548
304,2,24,33.76,51.03,48.06,451
447,2,24,21.15,58.72,55.46,728
408,0,24,39.42,53.26,49.64,738
332,0,24,32.53,67.91,63.22,778
442,2,24,32.08,32.15,30.92,271
256,3,24,31.17,34.25,33.13,143
64,2,24,10.27,36.95,35.24,54
395,3,24,12.6,57.61,52.66,977
91,0,24,21.24,55.82,51.96,175
429,0,24,14.24,65.68,62.22,742
228,3,24,19.53,59.32,58.13,135
112,0,24,36.1,50.33,45.81,253
401,3,24,33.85,69.67,65.42,852
280,1,24,27.05,40.64,36.98,512
290,2,24,35.03,63.33,60.97,342
101,1,24,32.43,47.07,45.79,64
145,3,24,20.01,55.95,52.63,240
437,2,24,12.04,59.09,55.21,847
271,3,24,23.0,55.35,53.97,186
456,2,24,30.77,35.62,32.08,807
280,2,24,20.27,47.72,45.57,300
286,2,24,28.34,52.46,48.4,580
192,2,24,8.3,63.96,60.8,303
220,3,24,31.18,47.75,46.23,167
78,2,24,33.44,66.75,63.64,121
85,2,24,29.74,47.61,45.03,109
62,1,24,38.85,51.95,50.23,53
209,0,24,33.93,61.85,57.48,456
376,0,24,36.61,53.32,52.28,195
236,1,24,37.67,68.41,66.16,265
292,1,24,33.05,56.41,55.36,153
135,3,24,28.6,50.91,49.53,93
333,3,24,5.2,30.94,28.75,364
115,3,24,21.3,46.55,45.33,70
219,1,24,24.99,41.97,38.58,371
94,1,24,15.64,59.92,58.57,63
111,2,24,16.13,38.33,34.52,211
490,3,24,38.64,38.21,37.0,296
183,3,24,36.21,37.58,36.34,113
333,3,24,34.72,35.02,32.8,369
77,0,24,19.21,42.44,37.85,176
157,2,24,5.48,65.44,61.87,280
93,3,24,7.81,61.0,56.92,189
389,3,24,15.93,59.41,57.84,305
335,3,24,5.55,61.89,57.55,726
495,0,24,5.6,40.78,39.75,254
380,0,24,37.08,65.5,63.65,351
177,1,24,29.72,35.49,32.03,306
397,2,24,15.81,43.45,40.95,496
280,1,24,9.64,53.47,48.53,691
239,2,24,22.91,34.12,33.0,133
274,0,24,5.19,59.21,54.22,683
434,3,24,37.84,45.49,42.0,757
426,1,24,19.52,61.38,58.15,687
332,3,24,19.08,49.72,48.48,205
495,1,24,18.67,37.23,35.14,517
170,0,24,7.43,59.39,54.69,399
165,0,24,27.34,40.09,37.67,199
282,0,24,30.66,49.63,45.98,514
308,1,24,28.66,33.02,28.02,770
408,2,24,9.85,54.71,52.66,418
247,1,24,25.26,56.63,53.33,407
460,2,24,24.93,45.15,41.36,871
186,1,24,35.39,68.18,66.52,154
367,1,24,18.27,64.97,63.38,291
214,0,24,18.0,58.32,55.49,302
274,3,24,26.65,58.55,56.01,347
356,3,24,27.16,40.1,36.24,687
283,2,24,21.42,56.27,54.99,181
221,3,24,20.51,37.93,33.04,540
201,1,24,22.3,35.76,34.7,106
364,1,24,35.14,69.98,66.57,620
423,0,24,21.14,54.9,51.65,687
209,0,24,37.9,47.24,45.7,160
145,3,24,22.64,41.53,39.93,116
282,2,24,38.22,54.16,49.99,587
229,3,24,34.15,31.98,27.43,520
162,3,24,17.69,33.79,31.66,172
367,3,24,35.23,31.31,28.56,504
491,3,24,8.85,49.97,47.55,594
101,1,24,37.38,54.02,52.73,65
317,2,24,27.11,32.5,28.81,584
344,1,24,6.9,58.85,54.55,739
435,2,24,27.55,39.22,37.0,482
436,0,24,39.1,57.41,52.45,1081
162,3,24,7.44,69.28,67.98,105
150,1,24,24.41,57.64,53.99,273
162,2,24,31.17,65.33,62.54,225
489,0,24,33.36,67.93,65.14,682
130,0,24,19.48,49.47,46.64,183
236,3,24,12.15,58.09,56.06,239
162,2,24,6.48,64.08,60.22,312
51,1,24,25.29,44.26,40.37,99
179,3,24,20.85,40.46,38.33,190
269,1,24,38.21,67.86,63.52,583
103,0,24,7.12,59.05,56.78,116
392,1,24,28.99,38.79,34.89,764
273,1,24,5.87,47.96,46.48,202
274,3,24,11.0,61.86,60.19,228
434,1,24,20.88,51.88,49.62,490
452,3,24,20.92,56.0,52.62,763
175,0,24,29.0,60.15,56.57,313
179,3,24,36.86,54.88,52.29,231
102,3,24,27.37,51.6,50.29,66
221,2,24,38.37,59.98,57.49,275
267,1,24,35.86,59.1,55.34,501
209,0,24,25.46,55.19,51.51,384
247,3,24,34.18,44.39,42.75,202
465,0,24,27.49,46.23,45.2,239
296,2,24,7.75,68.82,64.81,593
373,1,24,30.92,34.5,33.07,266
488,3,24,8.32,40.74,39.41,324
252,1,24,25.79,49.7,48.69,127
233,2,24,29.59,63.47,60.74,318
172,2,24,7.33,36.55,33.54,258
450,0,24,13.08,41.08,37.53,798
304,3,24,37.05,32.63,30.45,331
343,0,24,26.57,58.24,54.4,658
329,2,24,13.62,39.53,37.85,276
374,1,24,29.17,45.55,41.22,809
421,0,24,25.89,47.75,44.46,692
147,0,24,22.56,65.65,62.31,245
247,1,24,39.17,46.45,44.61,227
444,0,24,28.92,35.81,34.51,288
289,1,24,18.14,50.97,48.11,413
193,3,24,33.0,68.52,65.06,333
146,1,24,35.96,54.31,52.93,100
250,3,24,9.38,69.34,64.54,599
173,1,24,12.02,63.64,58.72,425
236,2,24,12.57,31.44,28.26,375
375,2,24,29.19,56.34,51.54,900
398,3,24,26.11,41.47,39.75,342
308,3,24,26.66,52.38,51.28,169
197,2,24,37.93,41.17,40.01,114
301,3,24,32.16,43.95,40.6,504
492,1,24,9.48,66.93,65.68,307
469,1,24,17.16,38.27,33.44,1132
452,2,24,20.24,64.96,63.39,354
395,0,24,18.86,31.22,29.0,438
196,1,24,28.43,33.64,29.35,420
197,3,24,36.22,64.19,62.32,184
401,0,24,15.71,55.22,53.25,394
248,0,24,24.32,59.89,56.32,442
357,1,24,32.63,38.38,36.28,374
466,1,24,19.57,51.48,49.61,435
473,0,24,10.88,59.49,57.47,477
177,0,24,21.62,55.09,52.13,261
88,2,24,6.93,48.87,44.01,213
387,3,24,37.98,68.39,64.06,837
409,2,24,7.62,57.05,54.91,437
178,1,24,20.35,66.31,63.86,218
316,2,24,23.55,59.19,56.33,451
490,2,24,39.49,59.42,54.5,1205
483,2,24,10.81,33.2,31.51,408
200,2,24,9.01,44.38,41.95,242
464,3,24,5.3,64.33,60.41,909
347,3,24,10.45,39.3,34.44,843
148,0,24,12.25,34.62,33.0,119
312,1,24,27.07,43.04,41.13,297
301,2,24,12.69,38.82,36.92,285
193,0,24,5.72,67.01,65.93,104
395,0,24,33.93,64.72,61.3,675
161,0,24,17.8,49.99,46.31,296
109,3,24,17.38,32.45,29.04,185
418,2,24,15.59,58.58,57.29,269
51,2,24,39.14,54.94,53.66,32
434,1,24,10.95,68.82,66.98,399
353,2,24,36.44,52.36,50.2,381
303,2,24,32.19,43.46,39.31,628
189,0,24,7.68,50.76,49.12,154
86,1,24,39.54,69.17,67.99,50
209,2,24,14.5,57.85,55.27,269
58,3,24,8.45,56.88,54.21,77
282,2,24,34.03,39.63,36.83,394
148,0,24,29.73,59.74,55.43,318
196,3,24,26.6,60.01,58.62,136
353,0,24,10.46,42.69,38.87,674
257,2,24,21.75,49.35,47.0,301
180,3,24,32.32,41.78,39.54,201
453,1,24,15.63,40.35,35.62,1071
201,1,24,15.91,31.04,29.05,199
103,3,24,5.11,41.41,37.84,183
169,3,24,11.1,52.16,50.06,177
210,0,24,35.64,30.06,27.03,318
457,3,24,20.46,41.33,37.18,948
165,0,24,39.45,65.26,60.73,373
124,2,24,18.85,53.75,49.4,269
162,0,24,30.03,54.31,50.98,269
469,3,24,14.87,46.13,44.13,469
471,3,24,17.73,57.06,53.42,857
153,2,24,11.68,37.6,33.76,293
389,3,24,17.15,62.75,61.71,202
303,3,24,24.15,34.67,31.91,418
276,1,24,39.71,56.24,51.87,603
161,1,24,28.25,43.65,40.69,238
148,2,24,11.97,59.9,57.65,166
202,0,24,6.57,51.99,47.5,453
398,1,24,9.42,48.09,46.47,322
451,0,24,24.69,36.78,34.95,412
433,3,24,31.78,55.47,51.72,811
415,1,24,37.91,68.99,66.58,500
387,2,24,5.55,63.02,59.17,744
243,2,24,23.3,32.4,30.77,198
359,2,24,21.48,45.05,43.04,360
212,1,24,27.96,67.02,65.39,172
257,0,24,24.59,50.12,45.31,618
494,3,24,29.05,56.48,53.86,647
218,0,24,28.03,66.5,64.15,256
210,0,24,9.1,64.95,63.89,111
117,3,24,32.99,50.07,48.46,94
338,3,24,9.31,47.51,44.83,452
447,1,24,29.45,43.59,42.32,283
326,1,24,19.57,58.76,55.72,495
353,1,24,22.98,41.48,38.66,497
453,1,24,36.62,40.0,35.93,921
433,1,24,36.15,44.25,40.61,788
441,3,24,33.62,37.09,34.31,612
184,0,24,22.86,57.8,55.9,174
244,1,24,30.77,54.65,50.74,477
450,1,24,22.95,49.32,45.49,861
177,0,24,35.44,45.61,44.0,142
82,1,24,19.1,66.36,61.7,191
225,0,24,38.96,31.16,29.9,141
492,0,24,37.63,60.76,59.54,300
420,3,24,30.96,66.08,64.33,367
424,2,24,14.78,47.85,43.21,983
71,3,24,9.61,52.03,48.95,109
287,2,24,34.91,67.78,63.63,595
207,2,24,10.79,38.49,36.58,197
87,2,24,34.9,50.81,47.85,128
279,1,24,22.18,48.99,46.56,338
414,3,24,19.23,40.34,36.03,892
100,2,24,36.61,62.74,61.65,54
487,0,24,26.13,65.98,64.0,482
313,1,24,25.18,61.28,59.67,251
332,3,24,24.56,37.81,33.37,737
76,2,24,17.99,33.47,30.6,109
275,0,24,32.5,54.22,51.6,360
326,3,24,13.85,32.28,29.48,456
335,3,24,37.86,56.91,52.02,819
146,1,24,36.29,51.22,46.82,321
333,3,24,16.81,56.51,52.68,637
416,1,24,30.53,53.61,51.45,449
497,2,24,25.06,46.91,45.25,412
366,1,24,16.82,38.04,33.35,858
353,0,24,39.6,42.23,39.54,474
196,1,24,5.88,50.98,48.86,207
53,0,24,13.84,56.07,53.19,76
84,1,24,23.2,61.18,56.51,196
241,3,24,23.27,60.69,58.14,307
98,2,24,25.61,68.91,65.66,159
66,0,24,31.31,41.43,37.22,138
221,1,24,26.82,32.84,30.13,299
269,1,24,26.01,43.83,41.9,259
207,1,24,6.87,59.73,54.75,515
95,3,24,18.18,47.52,42.69,229
422,3,24,13.12,62.71,58.34,922
55,0,24,14.29,51.97,48.22,103
148,0,24,24.4,67.19,65.01,161
429,3,24,11.98,67.91,63.26,997
282,0,24,15.29,32.77,30.67,296
86,2,24,13.3,48.26,44.06,180
329,2,24,38.2,54.39,49.72,768
398,3,24,38.06,40.23,36.82,678
351,0,24,26.35,46.28,42.07,738
230,1,24,37.36,57.11,52.94,479
144,2,24,32.5,39.07,37.3,127
148,3,24,25.65,54.08,50.41,271
237,0,24,5.23,57.9,56.53,162
165,3,24,32.04,33.62,30.59,249
240,1,24,29.59,49.9,48.25,197
302,2,24,26.53,40.52,37.85,403
465,3,24,31.61,58.98,54.65,1006
210,3,24,22.95,37.58,32.63,519
305,3,24,29.64,65.69,63.42,346
372,1,24,37.73,47.24,44.11,582
177,3,24,18.15,37.92,34.87,269
67,1,24,29.78,47.52,42.7,161
330,1,24,21.65,46.35,43.44,480
272,1,24,28.6,47.16,43.36,516
103,2,24,31.7,53.42,48.73,241
107,2,24,6.59,50.85,48.36,133
372,3,24,27.63,35.99,31.38,857
409,3,24,12.94,32.62,27.95,955
223,2,24,28.45,59.18,54.46,526
329,0,24,21.39,52.39,50.31,342
163,2,24,32.07,44.36,41.76,211
337,1,24,9.32,62.33,57.85,754
480,2,24,26.92,45.52,43.08,585
391,1,24,14.75,61.84,58.44,664
200,3,24,34.85,42.23,40.76,146
499,0,24,37.49,32.91,31.68,306
176,3,24,39.87,67.31,64.66,233
204,1,24,32.86,45.78,42.46,338
435,1,24,31.38,61.71,59.14,558
322,1,24,12.54,41.17,37.86,532
153,0,24,16.76,55.85,52.79,234
466,2,24,21.3,64.93,61.19,871
442,3,24,32.07,31.67,28.07,795
348,3,24,37.02,63.23,60.53,469
295,2,24,11.62,52.85,50.15,398
225,3,24,37.28,54.3,52.74,175
88,0,24,29.35,50.93,47.88,134
219,3,24,26.38,64.98,61.63,366
296,1,24,11.99,31.74,28.83,430
75,2,24,6.94,40.44,38.14,86
404,0,24,24.9,65.03,61.14,785
355,2,24,27.8,60.09,58.79,230
458,0,24,12.38,30.71,26.05,1067
457,1,24,24.48,50.68,49.6,246
62,2,24,34.98,51.18,46.33,150
365,3,24,34.23,46.04,43.19,520
440,0,24,37.46,41.9,39.25,582
362,2,24,17.81,57.27,55.24,367
85,3,24,16.13,38.31,37.27,44
222,2,24,31.23,61.96,59.86,233
69,2,24,20.09,62.12,60.68,49
370,2,24,8.06,46.61,42.97,673
313,0,24,14.9,41.34,39.06,356
449,3,24,19.65,41.36,37.29,913
191,1,24,15.24,49.29,47.46,174
420,0,24,16.63,58.78,54.18,966
192,0,24,15.28,44.35,41.26,296
141,0,24,6.45,54.4,52.94,102
403,1,24,27.3,45.3,42.7,523
371,3,24,25.91,42.18,40.35,339
337,3,24,27.87,30.99,29.19,303
264,3,24,11.73,30.16,27.13,399
496,2,24,15.35,39.09,35.4,915
391,2,24,26.69,46.26,41.61,909
100,2,24,25.99,64.05,61.04,150
202,1,24,22.72,61.94,57.08,490
235,2,24,17.26,40.69,35.92,560
112,1,24,36.95,39.78,35.32,249
239,3,24,16.89,39.09,36.09,358
174,2,24,20.95,43.57,42.01,135
199,2,24,28.73,49.93,48.06,186
363,0,24,24.01,47.55,43.96,651
107,1,24,17.14,38.73,36.04,143
391,3,24,20.25,35.22,33.63,310
354,0,24,32.81,30.5,27.58,516
229,0,24,14.73,36.16,35.09,122
219,3,24,9.98,58.21,54.27,431
375,0,24,15.96,39.75,38.46,241
320,1,24,34.73,48.74,45.22,563
103,1,24,8.11,53.65,49.48,214
493,2,24,39.71,65.47,63.94,377
150,0,24,23.94,65.55,62.48,230
313,2,24,39.47,59.83,55.71,644
102,0,24,37.86,31.41,29.37,104
109,1,24,20.85,53.0,51.35,89
157,1,24,11.95,61.46,59.11,184
54,1,24,10.77,30.69,27.47,86
152,0,24,13.4,51.99,48.69,250
245,1,24,29.85,64.31,62.79,186
311,0,24,14.55,48.96,46.13,440
414,2,24,16.95,30.16,28.09,428
421,0,24,20.71,30.44,26.07,919
399,2,24,36.96,46.67,44.42,448
96,0,24,11.63,36.2,31.85,208
404,2,24,5.18,56.58,53.87,547
360,1,24,7.1,58.35,54.44,703
473,2,24,36.67,37.12,34.08,718
357,1,24,27.66,65.54,62.05,622
193,1,24,14.56,47.68,45.1,248
318,2,24,11.2,35.71,31.64,647
419,0,24,15.3,60.57,57.87,565
173,0,24,9.02,61.6,58.77,244
155,3,24,37.95,55.57,52.5,237
207,0,24,32.45,64.14,59.81,448
196,3,24,21.18,59.49,55.85,356
194,0,24,35.27,65.29,62.89,232
169,0,24,13.73,47.36,43.68,310
368,1,24,30.1,59.9,56.33,656
324,3,24,34.96,69.99,65.27,764
141,0,24,17.49,59.0,54.63,308
107,3,24,31.51,34.57,30.98,192
488,1,24,15.33,50.73,48.36,578
395,1,24,15.46,53.49,49.37,813
278,3,24,8.75,36.97,33.67,458
166,1,24,20.4,68.52,63.58,410
367,2,24,30.54,37.02,35.03,365
328,2,24,37.91,37.1,35.78,216
176,1,24,26.13,66.61,65.33,112
442,2,24,35.21,48.61,45.05,786
445,0,24,33.79,32.53,27.77,1059
178,3,24,11.07,53.93,52.92,89
107,0,24,22.0,54.07,50.17,208
171,3,24,9.09,32.58,28.95,310
50,1,24,28.88,68.9,64.97,98
288,0,24,38.25,51.76,49.34,348
339,1,24,9.8,52.39,48.11,725
145,1,24,30.69,50.8,49.62,85
175,3,24,27.13,54.43,50.41,351
167,3,24,25.43,40.57,38.5,172
97,3,24,18.65,41.49,38.58,141
138,0,24,17.43,50.45,46.16,296
286,2,24,6.58,62.27,60.18,298
422,3,24,12.63,31.99,30.25,367
434,3,24,5.53,54.14,50.41,809
321,0,24,25.35,62.27,59.14,502
238,3,24,8.7,36.28,33.22,364
241,0,24,35.56,30.6,28.57,244
496,1,24,23.31,42.51,41.37,282
118,3,24,29.49,53.53,50.89,155
327,3,24,19.38,35.53,34.1,233
398,1,24,24.62,47.04,42.42,919
296,1,24,37.99,52.09,50.92,173
125,1,24,7.9,53.96,51.23,170
203,3,24,13.89,40.98,39.77,122
193,2,24,32.3,46.0,44.62,133
484,2,24,8.46,61.13,57.49,880
135,2,24,7.65,67.65,64.06,242
234,3,24,17.65,64.48,63.35,132
334,1,24,8.23,52.57,51.57,167
269,3,24,25.48,46.41,45.09,177
118,1,24,12.92,43.32,39.27,238
96,3,24,36.35,35.0,31.66,160
143,3,24,32.42,34.26,33.11,82
287,1,24,29.49,57.53,54.58,423
495,2,24,26.59,40.39,36.54,952
253,1,24,35.22,40.19,35.71,566
449,0,24,12.81,69.93,65.19,1064
267,0,24,35.56,37.52,35.21,308
481,1,24,32.63,35.92,34.38,370
390,3,24,31.19,33.95,32.0,380
88,0,24,24.64,53.19,49.09,180
149,0,24,13.62,55.11,50.22,364
338,3,24,19.82,44.61,41.74,485
303,3,24,32.77,51.42,49.2,336
271,2,24,6.11,61.54,58.82,368
406,3,24,32.37,62.72,60.5,450
72,1,24,13.4,68.32,66.29,73
299,1,24,10.05,62.97,59.59,505
59,2,24,9.05,52.59,51.53,31
295,0,24,5.95,37.19,35.15,300
374,0,24,23.33,33.99,30.34,682
149,3,24,12.64,32.18,31.05,84
339,1,24,39.63,56.66,55.33,225
229,0,24,25.11,62.3,60.13,248
272,2,24,9.83,50.35,45.84,613
443,2,24,29.11,32.19,28.13,899
299,1,24,36.42,51.42,50.33,162
196,2,24,31.08,67.43,64.42,294
491,2,24,7.68,53.9,51.8,515
145,1,24,36.36,62.38,58.79,260
306,3,24,32.79,62.01,58.12,595
374,3,24,10.54,67.29,62.84,832
53,2,24,6.81,60.81,57.91,76
65,3,24,24.51,59.91,54.93,161
329,3,24,10.46,39.36,34.44,809
385,2,24,34.21,32.4,27.87,872
296,3,24,17.54,50.7,47.4,488
307,2,24,36.95,34.98,32.39,397
433,0,24,24.8,68.49,66.03,532
209,1,24,11.39,41.6,40.55,109
389,1,24,9.89,64.12,62.12,389
201,3,24,25.18,45.5,41.62,389
445,3,24,31.67,42.93,39.52,758
227,3,24,32.35,67.41,62.74,530
212,1,24,14.65,44.53,43.33,127
429,0,24,12.15,45.61,43.99,347
82,0,24,5.59,34.24,30.08,170
466,1,24,28.77,56.82,54.39,566
494,0,24,7.68,41.55,40.08,363
228,1,24,19.73,53.42,48.43,568
476,0,24,26.06,53.65,49.5,987
150,2,24,37.8,58.77,56.14,197
317,2,24,15.91,59.81,55.52,679
372,1,24,13.74,50.58,46.86,691
114,0,24,27.9,43.24,39.08,237
466,3,24,26.67,63.5,59.24,992
217,0,24,16.62,42.39,41.05,145
379,2,24,37.48,50.3,46.81,661
92,2,24,34.57,46.05,45.02,47
93,0,24,12.84,64.2,63.03,54
334,0,24,13.37,47.28,42.66,771
446,3,24,22.93,45.44,42.33,693
61,3,24,32.08,57.59,53.65,120
144,0,24,6.54,54.1,49.75,313
351,0,24,29.27,34.29,29.49,842
435,0,24,27.69,50.33,45.85,974
302,0,24,13.1,59.42,56.49,442
291,1,24,28.85,69.68,67.34,340
84,0,24,37.91,55.17,53.55,68
264,3,24,6.64,44.81,42.21,343
386,2,24,16.19,39.05,36.58,476
139,1,24,20.34,64.91,61.67,225
313,0,24,36.47,62.58,58.92,572
142,2,24,38.68,39.36,34.45,348
459,1,24,20.54,38.03,34.12,897
139,2,24,31.25,58.61,55.04,248
467,0,24,23.61,42.6,40.26,546
164,0,24,23.82,42.26,41.12,93
154,3,24,14.73,36.09,33.94,165
440,0,24,12.59,40.56,36.49,895
245,0,24,15.08,47.1,45.28,222
363,1,24,24.47,59.31,55.46,698
163,3,24,6.02,43.45,40.13,270
124,1,24,36.75,43.14,41.45,104
462,2,24,10.47,41.4,39.35,473
425,0,24,12.7,49.13,46.14,635
469,2,24,23.14,37.23,34.56,626
266,1,24,29.85,49.43,45.32,546
326,0,24,8.35,58.17,54.23,642
298,0,24,16.12,31.19,27.89,491
213,1,24,38.9,30.39,26.1,456
443,1,24,14.18,33.0,29.75,719
406,1,24,15.96,51.43,46.57,986
457,1,24,34.28,64.18,62.31,427
241,1,24,6.76,30.2,26.34,465
276,0,24,21.26,67.47,64.99,342
226,1,24,18.29,34.25,32.13,239
148,0,24,16.08,63.68,61.96,127
85,0,24,15.0,49.31,46.1,136
145,1,24,8.2,56.37,54.51,134
201,1,24,16.02,50.43,48.63,180
200,3,24,6.51,49.08,44.12,496
239,0,24,32.33,63.4,59.19,503
273,1,24,18.94,60.24,56.25,544
86,1,24,20.54,49.34,45.16,179
317,1,24,36.28,34.47,29.59,773
418,3,24,28.03,34.62,31.33,687
232,3,24,5.28,62.06,60.18,218
62,2,24,38.01,51.18,46.73,137
328,0,24,13.3,49.26,45.29,651
266,2,24,8.77,57.22,54.56,353
404,1,24,31.88,64.35,61.46,583
410,3,24,22.52,55.15,52.5,543
335,3,24,20.18,60.51,55.79,790
322,2,24,13.73,60.61,58.24,381
418,3,24,24.16,44.25,39.4,1013
111,1,24,14.6,40.96,36.32,257
133,3,24,36.56,62.05,58.53,234
417,2,24,12.53,45.09,41.77,692
266,1,24,35.95,66.13,63.65,329
391,2,24,24.58,32.79,31.72,209
446,3,24,34.0,32.33,30.82,336
236,2,24,29.95,67.08,63.06,474
68,2,24,29.38,55.94,53.05,98
226,0,24,16.35,45.18,43.58,180
149,3,24,13.19,60.2,58.14,153
445,3,24,12.38,56.89,52.1,1065
494,2,24,35.0,51.25,48.78,610
282,0,24,33.71,33.95,29.32,652
452,3,24,20.42,62.49,60.27,501
125,1,24,9.63,64.64,61.47,198
314,2,24,18.38,36.89,35.81,169
333,3,24,26.68,64.02,60.93,514
255,1,24,20.9,65.11,61.56,452
272,3,24,32.31,51.98,50.04,263
433,1,24,39.92,56.25,52.93,718
101,2,24,11.69,45.29,41.7,181
388,3,24,21.09,41.27,37.52,727
416,3,24,20.08,58.88,54.77,854
193,0,24,15.66,64.48,62.23,217
422,2,24,11.93,56.16,52.89,689
118,1,24,7.3,50.46,45.53,290
148,3,24,36.05,36.36,31.77,339
445,3,24,19.69,32.14,27.33,1070
74,1,24,22.39,47.83,45.29,93
485,2,24,37.09,31.97,27.82,1006
428,0,24,32.17,52.77,49.29,744
102,0,24,9.57,45.31,43.98,67
200,3,24,24.79,60.29,55.99,429
193,1,24,20.48,42.23,38.52,358
106,3,24,32.9,53.72,51.92,95
88,1,24,30.35,51.51,50.19,58
158,0,24,29.16,30.19,25.84,343
230,2,24,16.92,32.9,31.58,151
91,1,24,33.17,41.61,40.24,62
235,0,24,6.83,65.29,62.58,318
472,3,24,10.59,35.88,34.34,363
447,1,24,16.75,58.44,53.79,1039
272,2,24,7.69,68.93,66.05,391
171,3,24,13.22,61.62,58.34,280
182,3,24,34.06,39.72,35.01,428
212,0,24,38.19,66.33,63.21,330
264,1,24,15.66,33.72,31.31,318
270,3,24,14.26,48.73,44.54,565
284,2,24,14.8,65.5,62.73,393
380,1,24,14.72,55.65,53.38,431
195,2,24,6.26,46.55,42.66,379
288,3,24,37.44,41.71,37.5,606
125,2,24,12.48,45.0,40.83,260
58,0,24,19.7,50.36,45.45,142
123,2,24,5.34,42.76,38.61,255
491,1,24,35.03,68.76,64.68,1001
450,2,24,30.59,67.32,62.89,996
302,2,24,38.14,64.83,63.83,151
279,0,24,32.36,46.87,44.42,341
56,2,24,15.98,57.65,53.7,110
223,2,24,13.68,66.11,62.71,379
190,3,24,29.42,64.02,62.31,162
217,3,24,17.74,46.57,44.36,239
219,1,24,24.82,34.5,32.15,257
442,3,24,5.22,33.03,29.76,722
483,3,24,7.17,53.08,48.75,1045
332,3,24,23.74,55.71,50.98,785
171,3,24,24.81,63.99,59.99,342
243,0,24,31.3,41.7,37.33,530
54,3,24,9.62,36.7,33.82,77
78,0,24,22.96,45.16,42.6,99
214,0,24,11.81,44.14,41.57,274
471,3,24,8.26,35.3,31.84,814
388,2,24,19.37,56.89,55.39,291
185,0,24,10.72,50.35,47.03,307
414,2,24,12.76,58.84,55.18,757
370,2,24,16.11,44.11,41.35,510
391,3,24,14.08,43.03,38.22,940
194,1,24,8.07,48.9,45.47,332
376,3,24,8.15,65.1,63.22,353
266,1,24,11.76,31.61,28.69,388
350,1,24,6.77,62.19,58.49,647
181,3,24,26.93,44.76,42.47,207
341,3,24,15.06,64.18,62.86,225
119,1,24,14.79,62.09,58.76,198
301,3,24,16.62,43.95,39.16,720
464,1,24,28.2,57.76,54.82,682
324,2,24,35.47,36.39,31.77,748
494,3,24,31.57,65.85,61.51,1071
413,2,24,30.46,46.18,44.59,328
231,0,24,21.95,48.23,44.4,442
216,2,24,29.28,58.23,55.49,295
140,2,24,24.35,62.83,60.83,140
251,1,24,12.57,39.45,35.7,470
395,2,24,12.3,56.45,52.48,784
68,3,24,15.37,45.68,43.96,58
88,1,24,36.88,44.75,40.09,205
175,0,24,24.16,57.6,53.6,350
222,3,24,30.69,45.49,40.76,525
190,0,24,17.13,43.84,41.57,215
291,2,24,19.27,63.44,58.68,692
269,3,24,9.39,34.05,31.58,332
175,3,24,11.0,57.04,55.82,106
107,0,24,33.96,39.95,35.9,216
197,3,24,25.47,30.62,26.81,375
366,3,24,16.81,36.67,33.28,620
432,3,24,33.1,54.27,51.31,639
410,2,24,13.63,58.37,57.24,231
472,0,24,39.16,30.84,27.34,826
50,3,24,17.07,31.46,28.79,66
436,1,24,16.81,66.1,62.86,706
397,1,24,15.92,32.93,30.21,539
239,1,24,9.27,65.77,60.91,580
240,1,24,8.89,39.13,35.71,410
418,2,24,27.68,59.6,55.6,836
458,3,24,35.63,42.39,37.64,1087
361,0,24,32.67,64.35,60.98,608
466,3,24,9.94,58.02,56.97,244
471,2,24,24.1,46.07,44.93,268
166,1,24,8.7,33.05,29.24,316
183,2,24,6.59,59.31,57.19,193
107,3,24,27.97,54.68,51.36,177
93,0,24,23.73,30.12,28.31,84
222,2,24,7.87,30.38,28.3,230
209,0,24,6.22,62.35,59.33,315
222,2,24,39.64,40.38,35.48,543
366,0,24,6.05,55.45,51.98,635
352,0,24,20.56,48.17,43.43,834
198,1,24,22.66,64.54,59.7,479
129,0,24,9.1,66.68,64.85,118
423,1,24,10.92,69.87,67.63,473
262,3,24,17.31,36.15,32.07,534
252,3,24,31.66,64.52,60.05,563
301,1,24,22.75,40.64,37.56,463
278,1,24,27.33,53.63,48.66,690
213,2,24,39.48,50.23,49.18,111
276,2,24,31.88,30.72,28.52,303
196,2,24,20.2,67.31,63.82,342
69,3,24,20.63,33.13,30.25,99
490,2,24,26.66,57.53,56.06,360
451,0,24,28.29,61.4,58.93,556
96,0,24,22.52,61.81,60.71,52
282,2,24,27.57,35.42,31.85,503
354,0,24,5.82,47.9,43.33,808
63,3,24,20.04,63.18,58.64,143
192,0,24,14.76,42.11,38.31,364
464,3,24,9.52,48.71,45.85,663
50,1,24,8.48,40.91,37.86,76
422,1,24,26.11,48.54,46.99,327
103,1,24,23.33,65.51,63.15,121
423,1,24,13.88,48.2,46.45,370
308,0,24,21.48,52.24,47.96,659
193,2,24,22.23,46.16,41.5,449
490,0,24,11.83,48.4,45.25,771
61,3,24,27.82,30.61,26.7,119
379,0,24,32.33,41.35,39.86,282
273,0,24,32.7,47.46,44.03,468
321,3,24,26.09,55.35,51.54,611
407,1,24,22.91,48.0,45.19,571
457,1,24,7.14,43.51,41.54,450
205,1,24,15.07,45.52,41.01,462
422,2,24,8.26,39.69,35.72,837
57,3,24,38.73,66.98,62.38,131
171,3,24,9.73,50.87,46.6,365
397,0,24,10.31,30.54,25.58,984
213,2,24,36.14,30.78,29.01,188
139,1,24,38.04,68.92,67.57,93
185,2,24,31.8,38.86,36.51,217
235,3,24,5.19,62.22,60.7,178
365,3,24,5.05,32.33,29.24,563
227,0,24,18.23,66.85,63.32,400
77,0,24,10.02,64.98,61.67,127
269,3,24,5.64,52.84,50.8,274
406,1,24,21.24,30.36,25.72,941
90,1,24,38.01,40.31,39.23,48
277,2,24,16.33,46.27,43.88,331
241,3,24,28.14,48.4,44.52,467
460,3,24,27.83,41.91,37.84,936
496,1,24,13.79,31.32,28.66,659
194,1,24,27.76,53.61,52.54,103
250,3,24,12.43,50.97,47.5,433
466,0,24,9.27,41.32,40.07,291
261,3,24,29.55,31.52,30.09,186
269,3,24,8.97,69.78,66.18,484
289,1,24,39.89,49.28,47.03,325
462,1,24,11.42,60.24,57.85,552
446,0,24,25.79,48.09,45.14,657
95,0,24,19.4,31.73,26.82,233
84,2,24,9.42,42.38,37.52,204
302,3,24,5.97,42.8,40.13,403
439,1,24,26.8,63.53,61.47,452
131,0,24,33.24,56.17,53.96,144
420,2,24,34.47,41.02,38.94,436
305,2,24,21.89,68.71,65.58,477
246,1,24,32.21,42.86,39.43,421
352,1,24,28.55,69.93,66.97,520
458,2,24,30.35,69.85,67.22,602
499,0,24,22.24,37.65,35.8,461
59,2,24,27.17,42.51,39.58,86
361,3,24,33.19,49.44,47.08,425
335,3,24,18.93,56.56,53.39,530
291,1,24,33.21,51.12,47.42,538
300,0,24,25.72,68.78,65.25,529
414,0,24,10.81,58.96,56.11,589
54,3,24,5.86,38.48,35.26,86
168,2,24,17.7,34.2,32.06,179
338,1,24,24.13,57.54,56.44,185
423,2,24,34.39,36.34,32.84,740
114,2,24,9.46,61.51,59.5,114
195,2,24,33.01,42.44,38.76,358
273,0,24,35.21,43.08,39.09,544
288,3,24,10.27,30.43,25.77,671
226,0,24,34.81,58.04,53.21,545
316,3,24,39.7,34.53,33.49,164
390,1,24,30.44,60.92,55.96,967
331,1,24,32.47,49.67,45.94,617
112,2,24,39.8,61.37,57.8,199
266,3,24,26.19,53.36,52.3,140
391,3,24,15.78,33.3,28.86,868
364,3,24,34.31,60.63,59.05,287
332,2,24,26.51,32.79,28.44,722
226,2,24,25.34,49.15,48.09,119
466,1,24,13.88,36.89,33.31,834
147,0,24,31.47,60.09,57.35,201
154,3,24,7.86,66.46,64.66,138
148,3,24,37.35,52.17,50.74,105
434,0,24,16.4,51.09,48.33,598
454,3,24,9.47,60.56,59.07,338
360,2,24,20.48,30.2,27.25,530
55,2,24,6.49,66.71,63.21,96
246,3,24,28.96,37.9,33.59,530
400,2,24,36.59,69.36,65.65,741
182,2,24,34.3,59.45,58.19,114
407,3,24,9.46,60.97,58.74,453
308,1,24,9.42,56.25,54.1,331
486,0,24,33.47,48.87,44.21,1132
72,2,24,37.35,52.87,48.4,160
102,1,24,21.12,31.86,29.38,126
214,2,24,22.46,54.96,53.68,136
251,2,24,16.14,55.04,50.46,574
132,0,24,36.3,65.65,61.1,300
194,2,24,27.57,50.23,45.81,428
134,0,24,15.09,33.09,28.71,293
127,0,24,15.46,42.25,39.33,185
415,0,24,36.19,56.23,54.52,354
50,1,24,5.48,39.57,36.66,72
100,3,24,16.3,41.22,38.24,148
222,1,24,24.4,62.82,59.86,328
254,3,24,10.19,53.37,50.21,401
309,3,24,8.22,50.34,48.31,313
495,0,24,33.53,42.74,40.28,608
498,2,24,36.3,59.24,56.5,682
418,0,24,33.83,41.51,39.99,317
337,2,24,36.46,59.48,56.66,475
83,3,24,24.36,32.8,28.56,175
397,0,24,33.43,64.58,60.27,855
144,2,24,18.44,49.98,47.33,190
121,1,24,28.32,47.54,44.46,186
88,2,24,39.61,54.44,53.31,49
203,0,24,12.9,54.97,51.27,375
299,1,24,18.65,35.28,32.66,391
211,2,24,21.8,60.25,57.47,293
487,2,24,9.83,41.04,36.55,1093
167,2,24,7.84,66.2,63.35,237
308,2,24,34.04,62.71,61.63,166
428,2,24,39.19,43.85,41.94,408
355,1,24,19.17,62.31,59.41,514
317,3,24,8.07,44.26,41.56,427
498,1,24,7.3,34.04,29.6,1105
103,1,24,36.2,68.48,65.31,163
285,1,24,21.23,56.1,52.34,535
438,3,24,16.2,48.24,45.36,630
271,0,24,21.68,45.91,43.15,373
300,3,24,16.14,42.99,40.2,418
362,1,24,22.12,69.26,66.62,477
450,2,24,35.08,35.39,32.24,708
161,2,24,25.73,42.59,40.59,161
304,1,24,29.31,49.42,44.86,693
352,2,24,17.76,49.12,46.79,410
456,1,24,30.85,48.85,47.26,362
256,2,24,28.33,37.03,35.64,177
278,3,24,9.18,35.8,34.75,145
390,0,24,25.04,40.19,37.5,524
447,0,24,13.99,66.58,64.83,391
115,3,24,33.14,34.52,33.43,62
124,3,24,19.91,60.3,57.22,190
484,1,24,39.81,60.3,56.58,900
152,1,24,8.24,62.39,61.05,101
471,1,24,32.31,65.46,62.62,668
241,2,24,28.58,40.52,36.55,478
301,1,24,31.86,38.98,34.04,743
275,3,24,15.76,48.62,44.95,504
343,0,24,22.22,40.6,38.62,339
355,2,24,32.88,59.37,55.5,686
147,1,24,13.14,55.44,52.05,249
387,2,24,12.91,65.0,63.15,357
335,2,24,24.29,33.31,28.91,737
384,1,24,23.32,66.6,63.89,520
396,2,24,14.88,41.73,36.88,960
484,0,24,15.43,49.63,45.74,941
496,3,24,14.72,47.54,43.96,887
357,3,24,32.0,60.41,56.5,697
298,0,24,27.82,46.81,43.9,433
215,2,24,34.13,67.74,64.72,324
384,1,24,39.14,66.1,61.7,844
79,2,24,21.6,64.89,61.17,146
296,0,24,7.33,32.85,28.26,679
155,2,24,6.68,64.17,59.61,353
100,3,24,15.35,61.27,56.36,245
130,2,24,37.64,34.14,30.34,247
182,0,24,23.31,34.3,31.29,273
334,3,24,14.51,34.05,32.38,278
437,2,24,18.97,30.45,26.63,834
187,2,24,25.95,51.95,49.78,202
233,3,24,27.85,68.94,66.81,248
450,1,24,10.39,47.55,45.6,438
379,3,24,39.2,51.63,47.13,852
322,1,24,24.07,68.72,64.25,719
389,0,24,9.75,40.21,36.69,684
118,0,24,36.28,64.34,61.45,170
83,3,24,7.61,51.86,48.17,153
311,3,24,36.77,52.78,49.35,533
102,0,24,39.88,43.73,41.07,135
499,1,24,29.52,52.46,49.94,628
254,0,24,31.97,32.93,30.4,321
175,3,24,16.81,60.59,57.23,294
284,0,24,37.96,41.39,37.8,509
92,3,24,23.54,65.5,62.69,129
289,3,24,30.63,44.71,39.84,703
420,0,24,37.34,35.71,34.37,281
160,1,24,39.13,57.84,55.45,191
298,2,24,34.16,36.58,33.9,399
200,0,24,15.61,60.15,59.08,107
232,2,24,38.83,68.72,66.26,285
385,0,24,26.98,61.18,59.09,402
144,2,24,37.57,30.9,27.88,217
423,1,24,28.66,54.0,51.65,497
449,1,24,15.75,57.82,53.92,875
57,0,24,17.95,63.02,59.98,86
437,3,24,24.27,32.24,30.72,332
409,2,24,32.65,49.2,45.2,818
437,3,24,16.13,51.41,50.01,305
233,3,24,25.29,36.76,32.4,507
330,3,24,17.1,42.9,38.17,780
244,1,24,33.55,47.61,45.32,279
401,0,24,21.34,63.33,58.63,942
244,0,24,7.69,67.18,63.01,508
204,1,24,10.81,55.14,50.45,478
142,1,24,7.14,45.8,42.13,260
209,0,24,22.48,40.16,38.22,202
483,3,24,8.72,69.29,64.71,1106
110,2,24,8.99,69.32,67.58,95
171,2,24,37.94,67.0,65.15,158
100,2,24,35.54,61.43,59.35,103
452,3,24,20.82,43.03,40.81,501
326,0,24,39.5,62.68,59.62,498
54,1,24,5.01,46.35,42.5,103
141,0,24,26.49,43.07,38.37,331
219,3,24,26.57,59.79,58.44,147
366,1,24,21.01,33.19,28.37,882
71,3,24,18.89,31.94,27.25,166
454,2,24,20.94,47.92,46.7,276
375,2,24,19.52,47.83,45.39,457
50,3,24,30.57,65.83,61.58,106
182,1,24,9.74,35.05,31.6,313
282,1,24,11.92,34.93,30.81,580
61,0,24,11.32,35.9,32.02,118
395,2,24,14.19,31.19,28.2,590
95,0,24,23.38,32.87,31.71,55
83,0,24,8.89,56.39,53.05,138
482,3,24,35.39,47.26,46.07,286
127,3,24,15.41,60.54,57.13,216
267,0,24,10.69,69.7,65.5,560
350,2,24,28.65,56.36,53.02,584
460,3,24,6.33,32.02,27.03,1147
122,0,24,26.7,34.18,31.36,172
331,0,24,29.44,65.24,61.24,661
298,0,24,12.52,51.1,47.43,546
96,0,24,6.47,62.99,58.02,238
170,0,24,17.73,64.26,60.41,327
263,0,24,8.45,67.11,65.45,218
288,3,24,9.08,67.99,63.17,694
105,2,24,13.9,52.19,48.52,192
399,0,24,15.34,43.64,42.4,247
156,1,24,23.55,68.47,64.84,283
368,3,24,28.74,51.9,47.37,833
97,3,24,25.75,32.57,29.26,160
110,0,24,10.19,55.71,53.29,133
386,3,24,11.02,53.51,49.23,826
75,0,24,35.76,65.83,61.7,154
341,2,24,24.54,56.13,52.95,542
306,2,24,35.45,43.96,42.34,247
57,3,24,18.0,68.65,66.65,57
162,3,24,26.5,62.06,58.11,319
404,1,24,23.33,55.22,51.0,852
302,3,24,16.17,41.72,39.6,320
229,1,24,21.45,44.94,42.47,282
256,2,24,22.59,56.8,55.49,167
352,2,24,12.03,32.88,29.03,677
176,0,24,16.03,40.27,39.26,88
105,2,24,32.7,58.56,57.37,62
263,1,24,37.05,49.2,48.18,134
63,3,24,17.59,46.1,42.52,112
77,0,24,15.74,36.06,33.39,102
127,1,24,11.83,47.67,45.48,139
265,3,24,28.75,60.83,56.18,616
435,0,24,16.31,40.56,38.79,384
414,2,24,39.57,30.22,27.66,529
203,1,24,16.4,56.74,51.98,483
63,3,24,18.79,68.91,66.2,85
236,0,24,26.12,54.27,51.05,379
361,0,24,33.06,34.8,33.48,238
420,2,24,21.43,42.83,38.67,873
56,3,24,19.79,64.71,62.02,75
52,2,24,39.85,39.3,35.1,109
160,2,24,5.37,54.31,52.29,161
456,3,24,36.33,46.11,43.42,613
287,3,24,10.22,38.31,34.16,595
412,3,24,32.51,62.54,57.64,1009
288,1,24,26.63,59.71,58.47,178
323,3,24,16.96,56.46,52.21,686
343,0,24,35.59,39.45,37.25,377
276,2,24,5.45,33.91,30.71,441
420,1,24,12.93,53.05,50.89,453
64,3,24,24.84,52.15,48.7,110
241,1,24,17.3,37.54,35.12,291
168,3,24,26.36,32.25,29.92,195
77,1,24,5.84,33.23,32.08,44
251,2,24,9.08,69.71,68.12,199
88,2,24,9.45,61.34,56.67,205
490,0,24,11.62,66.88,61.89,1222
322,0,24,21.08,37.8,33.68,663
280,3,24,31.32,68.42,66.27,301
135,2,24,36.69,35.71,33.1,176
175,1,24,34.24,50.36,46.4,346
349,1,24,11.89,63.19,58.32,849
74,1,24,20.44,43.99,41.17,104
194,0,24,11.98,46.99,42.67,419
62,1,24,14.26,35.13,30.23,151
261,0,24,22.62,34.92,30.43,585
74,0,24,7.38,54.78,52.87,70
117,3,24,12.64,57.02,55.99,60
443,1,24,37.74,61.09,58.12,657
116,1,24,21.31,52.27,49.14,181
282,2,24,20.59,55.83,54.02,255
158,3,24,5.51,30.54,28.4,169
195,2,24,13.66,36.49,32.43,395
160,3,24,35.32,69.4,66.52,230
277,1,24,10.76,33.04,30.77,314
160,0,24,19.53,57.15,53.66,279
83,0,24,5.5,37.04,33.43,149
160,0,24,21.74,58.67,54.59,326
313,0,24,5.74,58.24,56.61,255
473,0,24,33.69,39.37,35.4,938
418,2,24,33.87,40.79,37.39,710
285,3,24,32.57,56.19,54.96,175
132,1,24,14.92,45.6,41.49,271
91,2,24,34.3,37.78,35.25,115
474,3,24,24.0,59.27,56.95,549
150,0,24,18.08,36.17,33.38,209
55,3,24,26.89,64.23,61.85,65
229,3,24,5.43,50.59,48.24,269
331,0,24,10.0,34.23,30.0,700
369,0,24,30.98,57.76,56.26,276
275,0,24,13.55,50.77,45.89,671
492,1,24,25.93,41.92,38.7,792
489,0,24,18.48,46.9,45.17,422
364,1,24,34.92,41.93,40.41,276
414,0,24,38.33,40.52,37.15,697
278,1,24,35.92,36.54,33.01,490
426,3,24,14.47,44.51,43.3,257
338,2,24,11.8,40.04,38.07,332
486,3,24,21.61,57.34,53.16,1015
199,3,24,5.26,57.36,56.16,119
326,0,24,5.9,50.07,45.65,720
247,1,24,24.37,61.12,57.49,448
119,2,24,23.22,63.65,60.91,163
161,0,24,39.81,53.19,50.8,192
53,0,24,12.06,54.76,53.68,28
399,0,24,14.03,41.32,37.02,857
380,3,24,8.97,65.79,64.22,298
495,1,24,37.11,30.97,28.73,554
367,1,24,32.22,43.94,40.66,601
399,2,24,33.78,58.87,56.89,395
144,1,24,36.6,33.2,30.21,215
201,1,24,23.37,37.33,33.09,426
360,0,24,20.79,53.57,50.69,518
186,0,24,16.56,52.4,47.6,446
296,3,24,25.62,59.56,55.17,649
436,0,24,20.9,62.5,60.17,507
292,0,24,20.8,35.14,32.54,379
80,0,24,37.79,30.74,28.05,107
89,0,24,39.44,57.59,54.09,155
278,3,24,32.88,42.06,39.91,298
85,0,24,31.49,55.04,50.16,207
457,2,24,28.82,36.02,32.59,783
272,2,24,10.81,48.76,46.16,353
55,2,24,7.07,50.18,46.6,98
371,2,24,29.18,53.4,50.82,478
269,0,24,30.51,50.53,46.26,574
124,2,24,6.64,49.83,46.56,202
53,0,24,37.48,43.31,42.14,31
384,3,24,8.19,32.85,31.14,328
183,2,24,15.01,33.58,29.12,408
167,1,24,28.53,47.35,44.1,271
418,2,24,10.95,44.23,39.43,1003
143,2,24,6.94,50.65,49.36,92
484,0,24,16.59,42.19,40.01,527
111,2,24,31.81,57.52,55.75,98
490,1,24,19.48,64.56,61.34,788
243,0,24,27.85,41.95,39.42,307
384,0,24,25.29,37.72,36.09,312
252,3,24,5.78,34.65,31.08,449
441,3,24,39.6,54.65,51.5,694
75,2,24,6.45,47.75,45.65,78
484,3,24,38.87,37.52,34.6,706
222,3,24,24.25,56.13,52.15,441
349,3,24,38.71,35.94,34.12,317
182,0,24,9.02,52.17,50.0,197
375,0,24,22.16,51.09,48.71,446
459,0,24,10.93,59.37,55.38,915
167,3,24,6.78,32.2,27.81,366
373,0,24,26.61,65.51,63.0,468
324,3,24,12.27,58.12,55.93,354
261,0,24,25.57,38.65,34.09,595
274,0,24,8.93,37.34,32.34,685
69,1,24,16.62,47.27,43.59,126
162,2,24,32.36,62.7,57.74,401
189,3,24,20.3,63.72,60.08,343
96,1,24,26.97,50.82,46.89,188
50,0,24,27.66,64.43,61.88,63
139,3,24,34.53,30.22,27.49,189
191,0,24,16.37,31.41,29.83,150
369,2,24,29.06,66.47,62.18,791
87,1,24,38.66,61.01,56.29,205
342,2,24,30.56,48.03,44.54,596
431,1,24,22.15,60.14,57.77,510
188,0,24,27.08,68.23,66.61,152
405,2,24,30.89,60.88,58.82,417
382,2,24,26.43,63.69,61.67,385
308,0,24,5.58,60.42,56.97,531
210,2,24,11.82,36.73,31.95,501
439,3,24,33.37,63.34,62.15,261
227,1,24,14.54,37.8,36.8,113
59,1,24,30.6,65.7,62.3,100
310,1,24,18.02,48.35,46.21,331
456,3,24,23.27,57.08,52.56,1030
187,1,24,7.38,49.89,47.58,215
221,0,24,11.34,33.76,31.6,238
435,2,24,38.5,41.63,39.55,452
62,3,24,36.15,69.35,67.77,48
217,1,24,27.83,68.43,65.1,361
179,0,24,21.09,42.82,41.15,149
133,2,24,28.65,69.85,67.15,179
370,2,24,26.65,63.82,60.98,525
368,3,24,24.9,54.44,53.36,198
150,3,24,7.07,31.6,30.53,80
378,3,24,27.15,66.06,62.98,582
322,0,24,31.91,52.3,48.52,608
314,0,24,39.79,64.74,59.97,748
448,3,24,5.39,63.38,61.66,385
457,1,24,30.56,63.32,61.91,322
87,2,24,25.01,57.93,56.72,52
468,2,24,20.19,41.66,38.92,641
143,0,24,9.46,43.45,39.96,249
144,2,24,19.32,42.34,37.98,313
354,1,24,17.4,30.8,27.07,660
118,2,24,15.6,53.3,51.47,107
367,0,24,30.58,57.95,55.1,522
493,0,24,29.53,64.15,59.51,1143
285,1,24,25.62,35.61,33.3,329
483,1,24,37.85,51.77,48.78,722
383,2,24,17.24,30.32,25.49,924
422,2,24,13.53,33.8,29.86,831
425,0,24,27.96,32.17,28.18,847
186,1,24,11.96,59.02,57.01,186
467,1,24,16.03,33.24,30.58,621
125,1,24,12.86,58.66,57.33,83
84,2,24,7.42,39.98,36.55,144
50,1,24,33.96,65.11,63.7,35
345,0,24,13.91,62.53,58.19,748
369,0,24,21.56,68.31,64.05,785
455,2,24,6.52,65.35,62.22,712
109,3,24,29.48,67.33,65.77,85
369,2,24,16.57,64.35,63.25,202
398,3,24,31.07,57.74,53.55,833
377,1,24,19.43,36.81,33.41,640
316,2,24,11.85,40.87,37.03,606
410,0,24,22.96,38.51,36.29,455
278,1,24,9.57,54.14,51.1,422
319,0,24,20.42,50.14,46.15,636
365,1,24,16.11,64.68,61.83,520
335,2,24,36.92,68.11,64.7,571
340,3,24,7.13,46.19,42.03,707
262,1,24,29.29,50.25,48.39,243
214,3,24,11.4,68.86,67.6,134
54,1,24,16.17,41.05,37.92,84
388,0,24,19.54,61.7,60.45,242
428,0,24,36.78,39.01,34.94,870
127,1,24,13.49,57.26,53.38,246
459,3,24,8.2,40.14,35.61,1039
111,2,24,16.15,65.35,61.79,197
181,2,24,8.66,52.46,51.19,114
138,0,24,9.5,37.44,35.43,138
286,2,24,25.08,38.97,34.74,604
91,0,24,7.13,49.75,48.08,75
138,2,24,6.08,68.46,64.67,261
451,1,24,30.0,60.79,56.67,929
345,0,24,17.66,49.53,47.21,400
377,0,24,9.39,43.51,41.22,431
344,1,24,13.88,51.97,48.74,555
153,0,24,27.47,59.93,55.48,340
63,2,24,14.64,61.36,59.46,59
337,2,24,22.31,42.98,38.21,803
228,0,24,9.26,58.85,55.45,387
174,2,24,25.58,56.31,51.34,432
471,3,24,16.06,68.36,67.0,320
402,0,24,26.94,67.24,65.73,303
72,1,24,33.29,61.58,57.27,155
112,3,24,26.41,58.94,54.48,249
192,0,24,15.35,40.96,38.18,266
202,1,24,13.95,63.84,59.98,389
194,2,24,16.46,47.1,42.63,433
274,1,24,10.76,40.89,39.72,160
499,3,24,11.34,45.37,42.07,823
358,2,24,32.67,63.44,59.03,789
153,0,24,18.47,35.95,33.36,198
153,2,24,20.26,48.25,46.04,169
484,0,24,25.79,49.69,45.51,1011
88,0,24,25.64,31.47,29.13,102
484,1,24,7.36,37.83,36.82,244
247,1,24,34.1,63.07,58.23,597
183,1,24,11.21,63.23,59.86,308
116,3,24,30.31,41.7,37.42,248
440,3,24,32.04,65.0,60.7,945
228,1,24,30.02,60.87,59.6,144
91,3,24,25.26,46.72,45.04,76
497,2,24,5.51,59.94,57.7,556
64,2,24,17.61,68.45,66.17,72
160,3,24,26.17,48.36,44.72,291
206,3,24,18.56,39.54,36.05,359
338,2,24,35.22,67.67,64.69,503
280,0,24,15.81,54.15,52.3,259
460,2,24,15.27,34.21,31.68,581
469,2,24,14.31,52.91,49.74,743
206,3,24,16.65,50.02,47.15,295
87,2,24,24.51,64.22,62.71,65
490,3,24,29.75,51.23,47.63,881
146,3,24,28.19,40.21,38.92,94
460,1,24,33.27,57.03,54.52,577
488,2,24,36.01,51.7,47.86,936
338,0,24,33.56,39.32,38.24,182
303,1,24,5.66,52.95,49.67,496
245,3,24,30.76,62.86,60.52,286
135,3,24,12.29,31.14,30.1,70
371,0,24,9.65,55.23,53.47,326
59,3,24,27.35,43.98,39.22,140
54,2,24,16.19,41.71,38.63,83
172,1,24,7.0,45.7,40.71,429
379,3,24,9.82,43.68,40.58,587
402,3,24,5.03,63.29,60.11,639
167,0,24,36.61,40.99,38.42,214
343,2,24,5.86,59.33,57.09,384
446,3,24,12.33,33.76,31.75,448
208,0,24,19.57,68.06,65.69,246
352,3,24,17.48,54.89,52.05,499
277,0,24,36.91,58.27,56.5,245
414,0,24,6.41,41.92,40.02,393
265,2,24,22.93,46.48,44.39,276
485,3,24,28.82,38.95,36.15,679
233,2,24,37.61,67.3,63.69,420
64,0,24,26.71,49.52,45.1,141
206,1,24,33.13,55.22,53.07,221
185,3,24,7.93,59.37,57.64,160
310,1,24,18.51,44.84,42.32,390
206,3,24,18.09,58.8,54.22,471
96,2,24,36.02,57.04,56.0,49
373,2,24,10.3,58.23,54.52,691
381,2,24,10.32,49.57,46.66,554
222,2,24,16.5,45.32,43.68,182
179,2,24,6.91,38.88,36.6,204
460,1,24,11.39,62.99,61.09,436
144,2,24,38.78,54.33,49.82,324
164,0,24,19.99,47.77,44.84,240
292,0,24,27.12,67.76,64.51,474
469,1,24,30.41,31.91,28.54,790
341,3,24,17.84,64.01,60.45,606
331,0,24,10.15,69.9,66.92,493
348,3,24,12.23,65.48,64.41,186
332,1,24,15.96,62.42,60.08,388
118,3,24,27.26,44.97,43.23,102
197,3,24,18.94,39.25,35.53,366
60,3,24,5.24,59.39,58.16,36
303,3,24,23.32,42.18,38.92,493
379,1,24,37.25,37.04,35.2,348
409,0,24,33.42,61.46,56.66,981
87,2,24,33.88,42.5,40.16,101
183,3,24,32.83,66.58,64.28,210
249,0,24,16.33,63.63,58.94,583
72,0,24,31.78,63.91,61.24,96
352,1,24,10.01,60.86,56.01,853
395,0,24,28.02,65.24,64.14,217
351,1,24,27.45,62.23,60.0,391
412,3,24,5.89,54.1,50.44,753
445,3,24,32.58,41.83,37.27,1014
267,2,24,36.61,65.53,63.5,271
190,2,24,14.36,63.62,58.9,448
153,2,24,33.43,48.92,45.54,258
495,0,24,7.88,31.56,27.36,1039
259,3,24,26.0,55.54,52.95,335
160,1,24,22.0,32.02,30.17,148
153,2,24,24.11,67.05,62.41,354
365,1,24,37.42,68.47,63.74,863
220,1,24,35.5,37.58,34.59,328
405,2,24,32.48,57.06,56.03,208
373,3,24,14.58,33.69,32.25,268
182,2,24,36.91,59.18,55.89,299
425,1,24,8.41,43.89,42.79,233
342,2,24,34.87,57.24,54.65,442
377,1,24,16.49,44.92,42.71,416
176,1,24,6.88,35.82,31.96,339
155,2,24,28.43,46.24,45.02,94
141,0,24,13.09,34.51,31.56,207
336,2,24,13.52,53.08,49.76,557
427,0,24,15.71,31.64,28.17,740
442,1,24,7.23,51.09,48.47,579
100,1,24,11.2,65.45,63.23,111
78,0,24,5.18,63.51,59.78,145
345,1,24,20.59,65.31,60.92,757
346,0,24,7.95,66.88,63.11,652
263,0,24,28.89,34.18,29.45,621
316,1,24,13.25,35.15,31.28,611
456,3,24,38.03,52.28,48.22,925
306,0,24,35.49,65.76,64.09,255
351,2,24,15.13,68.97,66.29,470
150,2,24,32.41,31.85,28.91,220
454,1,24,33.11,44.23,42.2,460
395,3,24,39.53,38.52,35.41,614
159,1,24,25.92,60.24,58.08,171
469,3,24,7.87,55.61,51.86,879
231,0,24,27.64,34.8,31.92,332
362,0,24,26.87,49.34,46.5,514
50,0,24,27.34,57.42,52.49,123
368,0,24,15.75,61.16,58.59,472
487,2,24,35.09,30.8,28.35,596
104,2,24,38.58,65.62,63.35,118
420,1,24,12.62,52.77,48.19,961
473,3,24,8.09,62.48,59.49,707
448,0,24,11.81,62.32,58.92,761
198,0,24,33.72,37.59,35.87,170
480,3,24,28.68,34.41,31.25,758
358,3,24,27.26,58.85,56.75,375
186,1,24,19.06,36.26,32.34,364
251,3,24,25.22,64.0,59.67,543
485,0,24,15.78,59.05,55.19,936
362,0,24,21.7,63.67,59.75,709
166,0,24,32.76,41.96,38.91,253
203,0,24,39.34,42.66,38.81,390
474,0,24,37.64,56.85,54.16,637
340,1,24,37.69,31.26,27.65,613
112,0,24,19.08,59.06,57.02,114
293,1,24,21.41,63.43,62.15,187
74,0,24,29.7,46.61,43.96,98
139,2,24,37.28,60.6,57.75,198
124,2,24,9.97,36.98,34.95,125
343,2,24,15.65,42.89,38.98,670
435,2,24,9.87,68.97,67.68,280
440,1,24,26.42,69.45,67.56,415
259,1,24,15.72,50.5,46.51,516
467,3,24,16.41,67.37,64.62,642
396,0,24,7.48,50.91,47.09,756
66,2,24,17.24,41.66,38.39,107
177,1,24,35.19,40.68,35.88,424
476,0,24,13.16,67.18,63.79,806
492,0,24,29.33,36.9,35.84,260
413,1,24,27.04,53.19,50.78,497
300,2,24,35.22,52.22,50.65,235
228,3,24,9.63,59.58,54.88,535
231,0,24,39.22,49.97,48.55,164
201,3,24,25.39,40.89,38.34,256
74,2,24,39.84,36.78,34.88,70
229,2,24,36.9,54.83,50.44,502
247,3,24,12.75,58.76,56.53,275
393,2,24,6.97,52.78,47.81,976
210,0,24,13.95,59.53,58.38,120
226,3,24,23.46,35.66,34.15,170
334,2,24,11.01,65.3,63.4,317
112,3,24,10.86,53.3,49.06,237
199,0,24,21.19,35.07,30.56,448
203,2,24,6.16,48.48,47.19,130
205,0,24,9.27,63.79,62.66,115
419,2,24,19.56,65.9,61.92,833
98,1,24,7.21,40.59,39.06,74
386,2,24,18.89,58.45,56.92,295
133,3,24,21.59,34.0,32.91,72
410,2,24,20.79,31.34,30.14,245
226,0,24,35.42,52.42,50.37,231
197,0,24,23.55,57.79,56.53,124
167,2,24,21.38,61.83,59.35,207
391,3,24,19.37,43.61,39.28,846
112,1,24,33.62,30.26,27.95,129
238,3,24,36.33,49.18,45.27,465
409,1,24,34.86,30.63,29.25,282
98,0,24,28.57,33.68,30.04,178
376,3,24,9.81,43.07,40.8,426
306,1,24,14.69,47.49,43.49,612
273,2,24,6.61,41.18,39.63,211
190,0,24,37.58,53.27,48.68,436
264,2,24,28.13,32.21,30.24,260
484,0,24,31.12,35.78,33.37,583
428,3,24,15.91,57.81,53.01,1027
489,3,24,34.6,35.69,32.38,809
260,0,24,14.09,55.59,53.13,319
367,0,24,5.06,32.19,27.39,880
81,0,24,18.17,46.3,43.98,93
207,3,24,24.98,37.1,35.72,142
334,1,24,21.75,34.39,29.4,833
354,2,24,35.17,52.68,50.61,366
478,2,24,8.69,67.13,62.72,1053
335,3,24,24.38,32.19,30.53,278
193,2,24,22.95,46.86,42.93,379
473,0,24,14.85,58.3,55.2,733
68,1,24,33.78,48.51,43.59,167
67,2,24,31.35,62.26,59.05,107
306,1,24,30.65,37.19,36.09,168
127,0,24,35.67,68.38,64.96,217
420,2,24,30.3,45.41,43.83,331
224,3,24,13.11,43.66,39.47,469
243,1,24,29.69,64.98,60.55,538
162,0,24,15.77,52.55,49.62,237
163,1,24,13.48,50.66,46.53,336
271,2,24,7.56,59.08,57.5,214
215,2,24,31.04,53.19,50.22,319
484,3,24,29.89,36.5,33.92,624
368,0,24,13.21,56.97,53.52,634
181,0,24,31.23,35.34,34.16,106
434,3,24,37.12,62.23,58.22,870
313,3,24,8.78,69.59,68.27,206
462,0,24,13.14,45.1,41.47,838
104,1,24,31.26,47.79,46.72,55
408,1,24,14.61,31.86,27.53,883
180,3,24,26.86,30.55,28.85,152
337,1,24,7.84,66.86,63.8,515
315,0,24,20.83,35.14,33.09,322
415,2,24,30.87,47.83,43.94,807
211,2,24,29.03,62.61,60.32,241
429,1,24,33.53,65.57,61.67,836
136,3,24,35.71,50.78,48.64,145
104,3,24,32.06,52.6,48.59,208
337,3,24,28.51,56.79,55.67,188
227,3,24,6.11,68.46,66.33,241
440,3,24,23.72,54.11,51.12,657
398,1,24,6.32,52.38,51.2,234
57,2,24,33.28,30.58,28.84,49
370,2,24,16.23,33.24,28.5,876
362,1,24,24.69,53.09,48.18,888
296,3,24,14.78,67.45,63.49,586
372,1,24,32.39,64.67,62.66,373
492,2,24,36.03,69.3,67.26,501
304,0,24,18.95,51.11,47.53,544
377,1,24,35.2,61.52,60.05,277
103,3,24,14.35,63.62,58.83,246
298,2,24,23.71,55.92,54.02,283
288,2,24,35.06,43.55,38.55,720
278,2,24,16.41,48.8,45.82,414
116,2,24,38.39,64.32,60.23,237
100,3,24,9.27,41.94,40.93,50
146,0,24,5.64,66.95,62.4,332
141,2,24,36.64,39.19,37.11,146
313,1,24,7.4,59.98,56.31,574
467,0,24,39.72,55.22,50.99,987
340,2,24,38.3,59.98,58.32,282
145,0,24,9.8,47.49,44.72,200
137,1,24,23.82,67.31,64.33,204
127,2,24,11.47,55.3,53.05,142
337,1,24,19.99,41.53,38.6,493
169,3,24,7.15,55.54,53.27,191
351,2,24,12.84,41.47,39.03,428
449,2,24,17.71,41.75,38.07,826
214,2,24,20.35,45.98,42.45,377
231,2,24,39.21,64.1,62.17,222
447,3,24,33.28,50.01,45.42,1025
272,2,24,30.81,57.16,52.71,605
360,0,24,23.8,45.68,42.64,547
481,2,24,34.4,40.54,37.81,656
56,3,24,16.88,68.19,65.68,70
379,2,24,29.81,54.14,50.31,725
312,0,24,39.78,67.36,63.67,575
210,3,24,16.01,38.14,36.36,186
200,3,24,28.59,35.88,32.19,369
134,0,24,34.55,64.23,62.22,134
196,0,24,37.05,57.24,56.17,104
161,0,24,30.13,37.46,33.66,305
430,0,24,14.93,40.77,37.19,769
452,0,24,16.42,62.03,59.39,596
85,3,24,5.73,48.15,45.05,131
334,3,24,31.63,56.82,52.03,799
237,2,24,6.5,42.73,39.35,400
131,2,24,35.26,45.25,41.62,237
51,1,24,9.15,69.63,68.37,32
434,2,24,11.02,39.9,38.24,360
352,2,24,21.68,50.26,48.06,387
246,0,24,30.83,63.78,60.62,388
453,0,24,9.87,39.57,35.46,930
60,2,24,20.4,46.61,44.33,68
283,1,24,21.9,54.6,52.17,343
435,0,24,12.43,49.25,47.23,439
244,2,24,9.04,48.38,46.36,246
168,2,24,34.27,44.5,39.7,403
445,3,24,22.59,53.47,49.93,787
69,1,24,5.5,54.97,53.35,55
310,3,24,33.1,56.13,52.24,602
342,1,24,39.33,32.81,28.92,665
471,0,24,26.21,55.24,51.57,864
305,1,24,22.63,68.13,66.59,234
271,2,24,35.74,51.64,49.01,356
442,2,24,38.34,58.61,57.18,316
275,1,24,31.41,52.27,48.0,587
102,1,24,20.59,64.19,60.57,184
477,1,24,25.73,67.18,64.15,722
404,3,24,29.53,37.37,35.0,478
391,1,24,11.8,47.47,45.73,340
413,0,24,20.65,45.7,44.27,295
329,3,24,34.04,46.21,41.33,802
130,3,24,27.92,35.02,33.22,117
251,1,24,19.39,62.54,61.3,155
207,0,24,28.22,31.43,26.58,501
169,3,24,9.14,51.13,47.93,270
108,2,24,19.05,56.48,52.29,226
264,3,24,32.76,38.3,37.12,155
177,1,24,12.72,66.23,62.96,289
273,0,24,11.51,63.54,60.95,353
258,1,24,38.28,48.84,44.75,527
419,2,24,12.35,46.45,45.3,240
164,2,24,14.13,39.46,36.85,214
258,2,24,38.94,59.2,55.0,541
63,1,24,30.71,35.27,32.18,97
58,3,24,29.49,57.21,54.01,92
89,1,24,34.85,63.7,62.31,61
499,0,24,9.05,39.14,37.61,381
286,3,24,29.71,64.66,60.95,530
330,2,24,22.63,31.33,27.63,610
408,1,24,34.02,66.51,61.59,1003
250,2,24,22.78,34.73,30.88,481
295,2,24,26.71,55.83,52.86,438
327,0,24,21.72,40.0,35.57,724
284,3,24,21.74,63.46,62.04,201
53,0,24,31.88,50.49,47.69,74
203,0,24,27.0,35.41,33.26,218
491,0,24,27.16,52.84,51.42,348
78,2,24,20.76,46.32,42.27,157
158,0,24,23.59,56.46,53.42,240
147,0,24,31.1,65.28,62.05,237
264,3,24,33.91,46.38,43.73,349
342,3,24,29.38,41.6,38.76,485
124,0,24,37.34,30.58,29.12,90
375,3,24,33.71,52.99,49.3,691
195,3,24,24.67,46.09,43.36,266
177,0,24,28.5,44.99,40.72,377
390,2,24,37.42,37.32,35.53,349
91,0,24,26.67,47.2,45.38,82
405,3,24,33.87,69.38,65.8,724
90,2,24,29.11,41.91,37.53,197
471,1,24,24.32,53.99,51.1,680
83,2,24,13.46,61.06,57.15,162
66,3,24,19.91,59.97,54.97,165
214,2,24,38.87,43.15,38.19,530
202,0,24,28.02,54.43,50.45,401
427,1,24,24.75,64.85,60.89,845
125,1,24,37.65,30.62,28.63,124
136,1,24,25.53,47.43,43.1,294
166,3,24,23.41,38.97,36.35,217
411,3,24,31.58,45.55,40.7,996
391,1,24,29.94,46.64,45.31,260
76,2,24,11.76,59.87,57.13,104
362,1,24,21.5,33.75,30.53,582
336,2,24,21.54,50.5,47.88,440
183,2,24,18.24,52.57,50.73,168
268,3,24,23.11,49.77,46.4,451
217,2,24,19.46,59.27,55.25,436
147,1,24,11.98,45.35,41.77,263
317,3,24,19.43,67.8,65.86,307
286,0,24,7.53,49.27,45.34,561
358,0,24,25.15,52.85,50.82,363
443,3,24,34.88,63.02,61.32,376
222,1,24,30.39,41.01,37.25,417
450,0,24,17.61,33.01,28.64,983
459,0,24,8.05,58.31,55.38,672
239,2,24,12.08,49.32,46.19,374
171,2,24,24.09,65.86,63.65,188
95,1,24,12.25,69.31,66.33,141
113,3,24,24.04,45.96,44.43,86
179,1,24,13.11,46.62,41.8,431
359,3,24,34.71,46.32,42.12,753
412,0,24,18.9,42.98,39.31,756
242,2,24,13.59,61.27,58.12,381
356,1,24,33.43,60.36,56.19,742
230,1,24,17.0,49.15,46.17,342
341,3,24,8.9,31.79,29.59,375
420,3,24,24.96,42.38,40.74,344
331,1,24,25.35,41.69,38.1,594
78,3,24,30.01,62.44,57.72,184
198,1,24,13.41,33.5,31.89,159
316,1,24,20.53,62.23,60.51,271
345,1,24,14.88,56.77,54.04,470
60,0,24,7.83,59.3,55.07,126
213,3,24,35.68,47.29,45.11,232
162,2,24,30.51,57.19,55.17,163
236,2,24,15.55,54.36,50.88,410
344,3,24,25.98,60.76,57.62,540
281,1,24,12.04,47.87,46.63,174
276,2,24,36.16,48.91,47.58,183
359,2,24,9.02,55.74,52.17,640
147,3,24,5.13,34.32,31.46,210
104,2,24,22.57,47.45,42.57,253
160,1,24,25.41,68.88,65.17,296
201,3,24,25.26,31.5,30.46,104
295,1,24,6.91,42.64,39.72,430
455,2,24,15.99,42.56,39.9,605
118,2,24,22.47,55.34,53.91,84
361,1,24,12.58,34.23,29.54,846
338,0,24,35.54,55.14,50.92,713
299,2,24,8.05,33.8,31.88,287
85,0,24,22.06,33.8,31.78,85
288,2,24,29.2,59.13,58.0,162
197,0,24,14.16,42.97,40.78,215
276,0,24,26.85,69.1,65.76,460
293,0,24,34.03,31.49,28.81,392
386,1,24,11.66,47.8,42.92,941
495,0,24,37.1,34.53,33.31,301
414,0,24,24.37,44.06,40.69,697
250,0,24,15.47,69.93,65.5,553
203,2,24,20.08,65.55,62.63,296
499,0,24,15.93,31.93,30.92,251
122,2,24,30.38,52.53,50.56,120
250,0,24,32.87,55.91,53.61,287
345,0,24,34.15,38.38,33.52,838
66,1,24,39.5,35.8,31.15,153
178,2,24,32.69,66.18,61.38,427
266,0,24,26.05,68.75,64.45,571
110,2,24,16.87,69.68,67.27,132
476,2,24,24.06,61.59,56.97,1099
153,3,24,6.44,56.54,51.61,377
91,1,24,31.07,43.83,41.43,109
74,1,24,20.61,36.86,34.82,75
88,1,24,5.7,33.16,29.97,140
340,3,24,7.19,57.73,55.98,297
180,3,24,18.56,61.39,60.26,101
278,1,24,25.42,63.06,58.28,664
157,3,24,21.25,66.55,61.85,368
221,3,24,26.67,65.2,63.55,182
484,3,24,21.81,69.99,67.36,636
151,1,24,28.16,39.76,35.44,326
403,1,24,12.67,60.53,56.89,733
61,1,24,8.95,53.46,50.88,78
324,3,24,25.88,40.45,36.47,644
150,1,24,21.96,69.28,64.69,344
93,3,24,5.94,65.92,61.22,218
492,0,24,18.32,35.14,32.62,619
354,3,24,8.71,31.05,29.36,299
494,2,24,23.6,57.53,52.88,1148
66,1,24,18.85,54.17,52.8,45
379,1,24,26.46,67.43,63.54,737
106,2,24,33.2,39.36,37.8,82
360,3,24,15.49,33.38,30.82,460
352,0,24,38.67,40.37,37.72,466
61,2,24,23.75,30.76,29.12,50
367,2,24,26.64,31.44,26.75,860
129,3,24,28.82,66.59,65.58,65
265,1,24,28.34,44.08,39.5,606
388,3,24,22.88,46.43,41.89,880
313,2,24,20.01,30.73,28.46,355
198,2,24,6.88,40.82,37.0,378
130,1,24,5.77,62.19,60.18,130
264,1,24,17.53,54.62,50.58,533
423,1,24,16.68,60.15,56.91,685
247,3,24,18.57,47.89,45.69,271
249,1,24,9.84,42.39,39.79,323
74,2,24,30.84,49.31,45.55,139
138,2,24,34.99,42.92,38.3,318
317,0,24,37.86,63.56,62.04,240
192,3,24,22.23,41.91,38.62,315
108,0,24,29.53,56.39,54.38,108
459,2,24,34.94,35.48,31.27,966
414,0,24,19.64,57.47,56.19,264
75,2,24,15.83,66.53,62.77,140
96,0,24,37.79,54.34,52.64,81
337,1,24,23.05,52.39,49.0,571
315,0,24,22.4,68.44,64.1,683
65,1,24,11.24,55.1,51.08,130
248,1,24,8.79,40.38,36.37,497
450,3,24,34.47,41.7,38.63,690
456,1,24,26.49,58.21,53.65,1039
331,1,24,16.4,59.42,56.07,554
135,0,24,11.71,42.14,37.47,315
299,2,24,24.44,43.81,40.62,476
440,3,24,25.44,69.64,66.62,664
319,1,24,12.24,34.08,32.19,301
384,3,24,34.8,46.19,43.01,610
166,0,24,7.95,32.5,30.94,129
56,1,24,17.46,62.84,58.36,125
186,0,24,28.81,33.69,29.99,344
420,3,24,14.59,56.96,51.99,1043
225,0,24,33.97,32.26,30.89,154
377,3,24,30.9,56.91,54.95,369
364,0,24,32.62,63.72,59.21,820
264,3,24,9.17,45.95,43.37,340
131,2,24,9.92,50.89,48.02,187
272,0,24,15.03,46.06,41.62,603
421,0,24,23.13,42.02,38.93,650
472,2,24,31.18,62.13,60.36,417
451,2,24,34.28,40.88,36.31,1030
492,0,24,29.65,58.92,57.8,275
152,2,24,37.5,38.25,33.67,348
322,1,24,30.86,39.99,38.79,193
63,3,24,15.72,43.46,39.8,115
208,3,24,14.28,53.57,52.28,134
201,3,24,29.37,48.18,44.36,383
157,1,24,11.75,59.81,58.67,89
237,2,24,8.25,38.54,34.17,517
350,2,24,23.63,30.43,27.57,500
147,0,24,33.76,61.06,59.69,100
180,2,24,8.55,62.87,59.04,344
342,0,24,32.72,32.38,29.42,506
220,1,24,33.41,54.44,52.68,193
473,3,24,21.88,45.13,44.07,250
232,3,24,7.01,61.76,59.09,309
413,3,24,11.11,64.98,63.64,276
88,2,24,29.76,64.04,62.66,60
64,0,24,29.91,61.09,59.02,66
425,0,24,36.44,40.76,37.24,747
53,1,24,25.39,62.48,59.36,82
398,2,24,9.34,51.34,50.06,254
458,1,24,9.25,32.11,27.24,1115
446,0,24,30.24,48.28,43.73,1014
259,0,24,11.43,67.69,65.65,264
210,3,24,16.49,65.51,64.02,156
65,2,24,22.05,34.09,29.32,155
475,0,24,5.87,59.77,56.93,674
157,3,24,13.71,62.23,59.99,175
431,2,24,19.28,40.86,37.9,637
499,1,24,14.79,48.86,44.77,1020
360,2,24,9.77,58.44,56.77,300
276,2,24,30.48,47.56,43.49,561
219,0,24,33.46,34.51,30.51,437
83,0,24,14.01,58.24,55.08,131
463,2,24,32.1,66.47,62.01,1032
300,0,24,18.49,56.1,54.57,229
296,0,24,22.73,60.95,57.57,500
318,0,24,34.96,44.33,41.53,445
190,3,24,31.25,37.33,34.64,255
323,3,24,33.18,55.71,53.7,324
465,2,24,9.79,43.11,40.62,578
145,0,24,7.44,64.4,62.97,103
276,3,24,36.27,34.91,32.9,277
428,2,24,18.57,47.34,45.25,447
88,0,24,15.08,45.87,41.99,170
351,1,24,30.36,67.52,66.33,208
78,0,24,34.27,36.13,32.53,140
495,0,24,35.19,30.39,28.5,467
367,3,24,16.06,39.52,38.19,244
294,2,24,34.83,62.81,60.61,323
285,2,24,6.43,38.37,36.47,270
234,3,24,6.74,39.64,36.43,375
321,0,24,26.82,35.2,32.77,390
489,1,24,7.21,58.62,53.76,1188
285,0,24,16.36,32.77,27.92,691
288,0,24,28.55,43.25,40.48,398
426,1,24,16.8,41.3,37.12,890
315,3,24,11.29,52.21,51.16,165
463,2,24,14.85,59.22,56.03,738
458,3,24,21.02,51.32,47.35,909
408,3,24,21.64,67.24,65.37,381
389,0,24,32.41,68.06,66.82,241
438,2,24,31.26,44.46,42.84,354
114,2,24,20.99,61.11,58.34,157
226,3,24,34.6,59.55,56.52,342
52,1,24,9.0,65.72,63.2,65
478,3,24,13.94,47.92,45.16,659
191,1,24,33.98,51.22,48.34,275
425,2,24,18.23,46.63,42.55,867
207,3,24,39.34,64.02,62.6,146
373,0,24,21.32,39.19,35.11,760
195,3,24,32.72,39.59,35.84,365
495,2,24,19.08,44.9,40.93,982
342,0,24,19.87,39.21,35.27,673
202,0,24,18.4,52.44,49.56,290
481,1,24,30.17,35.38,33.53,444
242,0,24,24.16,42.81,39.66,381
486,0,24,38.03,66.54,61.71,1173
122,3,24,13.78,46.37,43.02,204
448,2,24,8.52,59.93,58.89,232
354,1,24,18.76,34.54,33.3,219
426,3,24,26.58,39.9,34.93,1058
393,0,24,35.13,62.29,61.0,253
189,0,24,17.12,60.52,59.34,111
236,1,24,27.88,45.45,43.04,284
342,2,24,17.26,68.18,63.3,834
110,1,24,26.6,66.43,64.16,124
476,3,24,35.97,68.49,65.85,628
429,1,24,13.1,47.12,43.58,759
247,0,24,19.15,37.9,36.8,135
344,3,24,39.76,55.07,50.48,789
489,0,24,35.4,57.39,54.31,753
368,2,24,24.76,35.02,32.15,528
351,0,24,23.08,61.46,57.02,779
393,0,24,14.96,30.72,25.91,945
60,1,24,23.1,49.31,46.62,80
111,0,24,34.69,43.24,41.55,93
382,3,24,28.98,59.61,55.35,813
275,3,24,15.15,42.51,39.9,358
202,2,24,12.05,63.07,58.33,478
248,3,24,14.28,53.8,49.0,595
101,1,24,10.94,61.76,60.3,73
309,2,24,8.35,69.57,64.74,746
108,3,24,19.67,57.17,54.7,133
121,1,24,8.97,69.4,65.81,217
197,3,24,11.02,31.15,30.01,112
398,3,24,24.16,43.53,38.97,907
112,0,24,10.76,34.31,30.74,199
359,3,24,7.24,40.49,36.92,640
422,3,24,16.11,63.56,58.95,972
292,1,24,12.71,31.29,28.26,442
415,1,24,23.04,50.81,48.17,547
379,0,24,8.58,52.69,48.23,845
156,3,24,31.31,52.45,48.48,309
275,0,24,36.72,49.01,44.21,659
362,3,24,31.02,61.62,56.86,861
267,2,24,23.65,35.34,32.81,337
474,2,24,35.12,42.42,39.63,661
290,0,24,29.32,54.63,52.61,292
308,0,24,5.37,57.64,54.0,560
425,0,24,18.79,46.17,43.71,522
311,1,24,34.78,65.01,60.87,643
54,1,24,17.11,46.62,45.13,40
310,1,24,6.23,46.11,44.64,227
103,0,24,31.12,31.45,29.63,93
96,3,24,33.07,52.05,50.71,64
264,2,24,10.62,58.35,54.87,459
226,0,24,23.81,34.58,32.99,179
58,1,24,11.72,42.22,40.58,47
148,1,24,30.17,61.25,60.19,78
69,0,24,14.5,44.64,40.51,142
427,0,24,16.07,39.66,35.41,907
290,1,24,34.57,56.89,55.24,239
110,3,24,21.67,37.87,33.91,217
428,1,24,28.44,65.83,63.1,584
468,1,24,19.08,34.22,32.26,458
227,0,24,15.43,58.26,54.77,396
387,3,24,26.89,49.98,48.27,330
111,1,24,10.42,64.8,60.77,223
194,1,24,18.05,35.05,33.86,115
265,2,24,12.32,57.12,52.28,641
52,0,24,29.35,52.88,51.59,33
209,2,24,38.05,49.2,45.88,346
276,2,24,39.84,49.66,45.05,636
318,1,24,20.76,58.88,57.83,166
169,0,24,13.84,67.51,64.52,252
430,3,24,20.5,33.65,31.25,515
138,1,24,34.65,30.78,27.46,229
378,3,24,12.21,62.23,60.33,359
117,3,24,38.32,34.33,33.07,73
447,0,24,16.97,69.47,65.97,782
406,2,24,39.5,54.77,52.1,542
147,0,24,34.35,56.03,52.54,256
316,3,24,33.3,37.96,36.12,290
154,1,24,16.13,39.61,37.26,180
489,3,24,5.31,56.37,53.12,794
372,1,24,18.37,66.39,63.02,626
172,1,24,15.56,69.3,66.81,214
78,0,24,6.31,37.92,35.8,82
186,3,24,22.69,35.36,33.27,194
244,2,24,19.11,32.26,30.56,207
458,3,24,27.21,64.73,62.43,526
275,3,24,26.74,41.79,39.99,247
381,2,24,9.23,30.07,26.53,674
219,0,24,39.19,38.95,35.67,359
58,3,24,11.54,43.62,41.09,73
89,3,24,20.58,69.64,67.34,102
74,1,24,22.08,50.94,48.99,72
310,3,24,33.46,38.19,35.05,486
444,2,24,8.47,43.39,38.71,1038
492,1,24,20.0,43.21,39.47,920
275,0,24,27.0,30.79,26.81,547
173,1,24,12.53,35.41,31.07,375
87,2,24,26.96,57.81,55.4,104
377,2,24,37.33,34.81,33.56,235
300,1,24,39.91,39.23,35.74,523
438,0,24,6.14,44.03,42.28,383
225,1,24,13.25,60.31,57.03,369
139,0,24,15.86,53.3,49.34,275
451,1,24,18.97,57.56,53.43,931
86,2,24,13.48,52.68,50.47,95
365,3,24,12.12,57.34,54.29,556
225,3,24,38.41,30.11,26.63,391
333,0,24,37.15,67.24,62.96,712
130,0,24,6.64,34.44,30.39,263
163,0,24,16.86,46.25,41.3,403
89,2,24,19.18,60.84,59.81,45
350,1,24,13.37,47.41,44.66,481
273,2,24,27.01,67.87,65.85,275
367,3,24,27.41,48.7,47.22,271
398,0,24,34.77,65.0,60.35,925
164,1,24,30.93,62.43,57.44,409
235,3,24,23.99,69.24,67.52,202
372,3,24,27.88,67.06,65.91,213
105,3,24,14.59,65.92,63.82,110
89,2,24,25.76,59.26,54.92,193
403,0,24,22.12,44.68,42.5,439
89,3,24,9.67,34.25,33.02,54
396,0,24,13.49,57.55,56.34,239
286,2,24,15.21,69.15,66.44,387
338,3,24,37.35,59.06,54.33,799
311,2,24,13.06,67.15,65.01,332
265,2,24,15.12,62.17,59.46,359
196,0,24,17.93,36.52,35.11,138
385,3,24,28.23,39.97,37.0,571
217,2,24,9.14,43.67,39.88,411
141,3,24,38.39,36.73,34.65,146
402,0,24,35.29,53.27,51.08,440
108,2,24,25.2,69.02,64.65,235
108,0,24,28.59,60.46,59.42,56
353,3,24,5.58,46.94,43.39,626
218,3,24,16.86,30.18,27.6,281
318,0,24,32.85,42.53,40.34,348
412,1,24,7.71,51.07,47.44,747
94,2,24,14.88,42.97,38.63,203
394,3,24,25.49,34.44,31.21,636
230,3,24,13.97,47.71,46.59,128
219,2,24,37.69,40.13,37.28,312
405,0,24,9.59,66.37,63.52,577
240,0,24,32.91,34.07,30.89,381
204,0,24,22.78,31.97,28.29,375
471,1,24,31.26,30.21,29.13,254
237,1,24,15.88,43.12,40.11,356
56,3,24,23.01,56.42,53.07,93
182,0,24,34.99,59.22,56.85,215
284,2,24,21.34,48.13,44.46,521
94,3,24,17.59,57.37,55.46,89
363,2,24,23.77,44.4,42.13,412
298,3,24,30.11,56.71,51.86,722
80,1,24,20.52,31.62,29.23,95
72,3,24,37.86,45.63,43.24,86
475,1,24,15.32,61.63,58.25,802
443,3,24,21.64,62.12,57.24,1080
209,0,24,31.49,58.65,53.72,515
412,2,24,29.12,38.17,34.85,683
486,0,24,35.23,39.89,38.89,243
207,3,24,39.89,69.84,65.24,476
88,3,24,19.94,34.14,30.86,144
464,3,24,8.89,37.23,34.77,570
131,1,24,6.06,35.2,30.88,282
405,2,24,30.44,43.11,40.51,526
307,2,24,35.59,38.41,37.27,174
255,3,24,12.72,49.91,45.63,545
126,3,24,10.55,49.04,45.86,200
61,1,24,7.18,66.06,63.71,71
344,0,24,33.79,31.39,29.39,344
499,0,24,15.9,42.8,39.42,843
273,2,24,19.06,53.87,52.04,249
62,1,24,22.6,54.19,51.89,71
95,3,24,34.38,49.21,45.66,168
204,2,24,27.78,62.63,58.1,462
162,1,24,26.53,32.51,29.38,253
282,0,24,11.15,62.62,58.58,569
66,1,24,22.96,49.79,45.74,133
409,0,24,30.04,35.35,31.69,748
272,1,24,39.06,65.43,63.45,269
403,2,24,12.05,55.97,51.5,900
237,0,24,5.33,36.54,33.79,325
497,2,24,7.64,31.35,30.17,293
393,2,24,18.15,35.64,33.66,389
414,0,24,33.72,54.35,50.29,840
212,0,24,5.25,37.17,35.89,135
375,3,24,20.99,39.03,37.44,298
463,3,24,16.52,31.01,27.23,875
123,3,24,6.84,58.92,54.35,281
282,2,24,20.76,62.41,58.88,497
273,2,24,13.92,61.87,59.98,257
368,3,24,17.32,35.1,33.89,222
461,2,24,29.7,66.13,62.67,797
109,2,24,23.25,56.89,55.7,64
384,0,24,9.36,65.9,62.45,662
271,0,24,38.65,47.89,45.99,257
86,2,24,27.26,47.48,42.86,198
327,3,24,31.81,61.38,58.48,474
245,1,24,7.77,33.73,31.83,232
453,3,24,6.65,50.83,46.42,998
401,1,24,5.68,63.46,61.44,405
291,3,24,11.61,63.21,60.98,324
373,0,24,19.5,68.25,63.91,809
268,2,24,37.75,57.93,55.69,300
241,2,24,21.0,38.31,35.67,318
66,0,24,15.16,30.81,28.42,78
61,1,24,24.67,49.18,47.71,44
455,1,24,8.92,50.55,49.39,263
450,1,24,26.33,39.61,35.71,877
443,0,24,24.9,34.99,31.41,792
423,1,24,32.72,53.45,51.32,450
242,0,24,39.53,60.57,58.39,263
71,3,24,13.78,69.73,64.95,169
169,3,24,22.84,60.33,55.38,418
259,0,24,36.81,61.75,58.86,374
355,2,24,32.48,54.66,50.45,747
319,3,24,22.06,69.44,65.49,630
241,1,24,38.09,55.6,53.41,263
224,0,24,7.0,64.41,63.18,137
334,1,24,37.58,67.83,66.26,262
253,1,24,6.77,67.19,62.84,550
213,2,24,24.16,45.26,41.34,417
300,1,24,36.17,33.15,29.49,549
276,2,24,14.2,36.87,35.35,209
485,3,24,21.53,32.37,28.81,863
430,0,24,16.35,34.22,30.13,879
56,1,24,38.33,37.39,32.95,124
78,0,24,33.83,43.64,42.59,40
444,1,24,29.82,51.74,48.0,830
82,0,24,25.57,58.47,57.39,44
183,1,24,33.72,38.44,34.61,350
416,1,24,18.73,56.9,53.36,736
128,1,24,20.66,58.17,56.58,101
465,1,24,30.55,52.34,48.28,943
484,1,24,17.52,66.14,64.87,307
107,1,24,7.24,34.44,30.13,230
75,1,24,7.6,37.08,35.03,76
479,1,24,9.04,47.15,43.39,900
275,1,24,35.44,35.07,30.38,644
334,0,24,21.53,52.65,50.29,394
53,2,24,29.95,45.94,42.93,79
148,1,24,18.75,41.38,38.53,210
446,2,24,14.05,36.8,35.17,363
88,1,24,17.15,43.41,40.05,147
320,1,24,32.8,54.32,50.35,635
424,0,24,26.88,53.03,48.36,990
334,3,24,37.82,36.54,32.14,734
206,3,24,28.79,35.0,31.96,313
124,0,24,24.96,31.07,27.19,240
421,2,24,26.36,30.5,26.3,884
337,3,24,37.98,65.19,62.22,500
179,0,24,32.59,31.8,30.34,130
224,0,24,5.84,59.25,56.5,308
133,3,24,23.69,64.88,60.51,290
71,2,24,29.09,33.92,30.53,120
76,0,24,31.2,47.45,43.55,148
244,1,24,12.46,68.49,66.75,212
386,2,24,35.35,63.37,58.51,937
431,2,24,38.45,49.59,46.97,564
285,3,24,13.29,60.5,56.89,514
489,3,24,35.89,63.34,62.26,264
141,1,24,8.39,43.92,42.41,106
70,0,24,6.95,65.69,61.56,144
352,3,24,9.52,48.82,43.95,857
406,3,24,7.02,51.11,48.83,462
492,2,24,34.58,69.99,68.84,282
133,3,24,7.07,63.73,61.29,162
311,3,24,14.51,44.47,43.4,166
196,3,24,8.63,30.41,28.64,173
490,3,24,15.34,55.05,51.04,982
436,2,24,8.17,58.16,53.41,1035
306,1,24,28.38,56.03,54.68,206
107,1,24,9.67,68.71,65.48,172
429,0,24,34.81,64.52,62.5,433
471,3,24,33.6,47.95,46.39,367
64,2,24,5.48,32.51,30.63,60
211,0,24,36.35,49.04,45.73,349
494,0,24,6.01,57.57,56.31,311
212,1,24,13.39,54.31,51.57,290
369,2,24,6.13,51.53,49.99,284
330,2,24,16.75,48.75,46.66,344
329,2,24,22.99,41.75,39.99,289
61,1,24,32.88,41.09,36.56,138
323,1,24,16.83,50.01,46.18,618
320,1,24,29.69,36.42,31.95,715
257,1,24,11.56,43.63,41.1,325
76,1,24,31.27,42.96,40.71,85
121,3,24,13.26,53.49,50.97,152
109,3,24,10.02,32.67,31.6,58
479,2,24,11.49,63.19,59.29,934
194,0,24,11.37,52.5,50.1,232
142,2,24,22.95,56.83,54.58,159
358,0,24,34.57,58.12,54.73,606
57,1,24,7.79,41.66,38.92,78
128,0,24,29.74,48.81,43.89,314
76,2,24,27.9,68.25,65.82,92
223,2,24,35.54,60.67,57.21,385
99,0,24,13.55,68.78,66.53,111
248,3,24,20.75,59.85,54.89,615
436,1,24,37.4,37.02,34.24,606
398,1,24,28.1,32.58,29.04,704
497,2,24,18.61,53.11,51.6,375
477,3,24,9.6,44.31,40.38,937
230,0,24,14.19,41.02,38.94,239
73,1,24,25.34,62.29,59.5,101
365,3,24,30.14,44.68,40.15,826
427,1,24,9.35,42.68,37.8,1041
436,3,24,25.99,64.0,61.3,588
453,3,24,24.26,63.85,59.51,983
95,2,24,22.99,44.25,43.04,57
64,1,24,29.15,63.3,58.91,140
202,0,24,34.31,64.03,60.51,355
271,2,24,16.3,46.96,44.01,399
255,2,24,36.12,32.66,28.1,581
322,0,24,10.62,30.06,25.68,705
431,2,24,11.06,50.93,48.74,471
285,3,24,14.34,43.76,39.59,594
389,3,24,9.18,69.89,68.49,272
277,1,24,13.06,60.9,56.61,594
58,1,24,8.72,60.45,56.75,107
215,0,24,33.76,68.21,66.86,145
481,1,24,9.86,65.51,61.78,897
493,3,24,31.16,42.73,39.41,818
368,0,24,6.68,36.64,33.26,621
263,0,24,38.2,59.84,57.68,284
166,1,24,29.89,45.13,43.06,171
435,3,24,5.24,48.93,44.88,880
393,0,24,31.73,55.22,53.19,398
121,3,24,22.99,66.31,63.52,168
444,3,24,32.28,46.76,42.98,839
113,3,24,23.29,61.33,60.01,74
254,1,24,27.44,40.73,37.35,429
258,2,24,32.52,57.92,54.56,433
121,2,24,19.18,30.06,26.32,226
326,0,24,5.09,64.86,62.38,404
323,3,24,34.75,31.22,28.42,452
369,1,24,18.33,58.51,56.19,428
387,3,24,22.36,31.85,27.62,818
415,3,24,5.27,40.65,39.13,315
144,1,24,22.22,49.89,45.04,349
215,2,24,39.53,46.8,43.26,380
81,3,24,14.74,37.67,33.12,184
60,3,24,18.84,43.35,40.65,81
350,2,24,29.05,59.11,56.78,407
266,1,24,33.52,56.77,52.17,611
338,0,24,19.61,32.87,31.47,236
151,2,24,15.84,59.89,58.42,110
474,0,24,37.82,32.12,29.92,521
441,0,24,28.7,51.72,46.88,1067
316,2,24,9.17,40.4,36.87,557
263,3,24,7.41,53.51,50.29,423
228,0,24,21.92,40.45,36.63,435
137,0,24,12.7,69.4,66.73,182
90,1,24,13.89,42.39,38.36,181
450,3,24,35.72,39.68,37.11,578
125,0,24,8.13,41.14,36.83,269
426,1,24,30.04,65.86,63.79,440
95,3,24,14.49,55.45,53.34,100
209,2,24,31.61,59.23,56.14,322
129,2,24,30.28,66.72,64.0,175
359,1,24,5.26,66.47,62.88,644
135,2,24,22.82,59.56,57.1,166
141,0,24,9.88,37.91,35.99,135
197,3,24,35.32,63.73,60.85,283
210,0,24,35.51,38.15,34.91,340
251,0,24,19.64,59.72,58.15,197
473,2,24,20.55,57.42,54.19,763
465,0,24,15.61,60.36,58.08,530
291,2,24,30.08,51.31,48.74,373
402,3,24,17.55,55.55,53.43,426
51,3,24,14.37,68.13,63.4,120
274,0,24,20.13,34.04,30.31,511
338,1,24,8.2,42.35,40.3,346
282,2,24,31.13,54.45,50.87,504
463,2,24,5.44,68.56,64.17,1016
466,0,24,27.56,33.82,31.21,608
126,2,24,11.4,30.9,26.58,272
165,2,24,13.13,32.23,30.61,133
203,1,24,27.25,32.1,27.81,435
455,1,24,39.75,66.31,63.15,718
152,0,24,32.22,58.85,56.96,143
243,1,24,12.9,57.08,54.45,319
215,0,24,11.16,50.9,45.95,532
408,3,24,35.32,61.28,57.15,842
139,0,24,20.55,36.23,32.93,229
223,3,24,9.8,45.68,44.22,162
171,0,24,35.18,49.6,46.93,228
192,2,24,33.56,34.42,32.37,196
155,1,24,39.44,46.78,45.5,99
424,3,24,36.84,42.66,39.49,672
477,0,24,34.81,31.42,26.86,1087
354,1,24,6.84,35.47,31.77,654
409,0,24,8.65,60.56,58.56,409
366,1,24,24.91,30.72,27.43,602
172,1,24,23.6,67.37,62.6,410
439,0,24,21.03,33.46,29.57,853
58,3,24,18.89,61.97,58.21,109
311,3,24,20.09,65.94,61.07,757
122,2,24,24.93,67.65,63.45,256
408,1,24,5.07,64.7,63.15,316
272,2,24,14.12,41.5,39.11,325
465,2,24,23.14,43.32,38.46,1129
90,0,24,30.28,47.06,44.1,133
419,0,24,11.1,35.57,34.12,303
253,0,24,24.14,30.89,28.06,357
313,1,24,30.01,64.76,60.97,593
377,0,24,20.56,52.17,47.18,940
227,0,24,5.95,54.35,52.05,261
397,1,24,20.72,67.08,64.02,607
367,1,24,15.38,56.6,52.08,829
133,3,24,37.54,57.63,55.21,160
367,0,24,9.36,61.48,60.04,264
160,0,24,27.84,34.65,29.85,383
300,0,24,6.85,44.41,41.46,442
432,3,24,20.62,68.73,65.72,650
56,0,24,24.39,66.92,63.44,97
133,3,24,15.43,65.36,64.35,67
257,2,24,20.93,48.08,43.36,606
437,3,24,10.72,64.29,61.84,535
439,2,24,15.64,31.94,29.35,568
363,0,24,26.74,35.94,34.24,308
71,2,24,15.56,46.56,44.05,89
459,3,24,36.49,49.34,45.12,968
432,1,24,26.99,40.54,36.34,907
52,2,24,20.35,44.26,39.52,123
176,2,24,6.36,36.51,33.9,229
346,0,24,22.48,49.57,45.74,662
237,3,24,31.77,61.75,58.72,359
411,2,24,14.29,56.45,52.23,867
63,2,24,33.24,34.31,30.46,121
61,2,24,13.81,49.5,47.03,75
136,2,24,33.83,57.91,55.56,159
61,1,24,7.98,51.2,49.19,61
446,3,24,35.32,45.67,42.36,738
74,0,24,22.47,54.88,50.02,179
350,0,24,15.38,68.75,66.95,314
292,1,24,14.28,33.8,32.42,201
171,3,24,20.12,45.6,44.12,126
196,2,24,39.97,46.26,42.13,404
104,1,24,12.71,53.08,50.68,124
287,3,24,8.61,36.09,34.19,272
405,2,24,25.48,37.07,34.66,488
222,1,24,22.1,41.41,37.83,397
441,3,24,23.35,68.23,65.04,703
270,0,24,28.34,59.36,55.39,535
168,0,24,14.35,56.47,54.11,198
358,3,24,36.87,62.68,59.87,502
232,0,24,20.25,35.1,33.69,163
337,3,24,9.52,64.37,63.08,217
356,2,24,30.98,53.79,50.94,507
349,3,24,27.51,43.41,41.2,385
131,2,24,16.05,62.63,59.18,225
451,1,24,26.75,62.1,60.93,263
260,3,24,12.7,63.83,62.34,193
199,1,24,20.57,34.62,30.16,443
86,0,24,36.48,68.77,65.5,140
401,2,24,9.67,68.39,64.54,771
361,3,24,18.53,44.3,39.93,788
410,1,24,33.74,32.64,29.78,586
108,2,24,38.93,36.68,32.64,218
180,2,24,20.89,69.71,66.61,278
461,0,24,22.74,52.52,50.63,435
251,0,24,25.03,44.26,41.91,294
292,2,24,37.63,41.53,38.57,432
84,2,24,35.04,40.28,38.01,95
494,3,24,10.97,56.57,54.23,577
142,2,24,20.29,46.78,44.43,166
487,3,24,21.24,68.62,67.13,362
496,2,24,32.62,57.35,56.01,332
256,0,24,26.1,61.68,60.49,152
402,3,24,27.9,41.71,40.27,289
440,1,24,39.94,33.17,30.8,521
381,0,24,7.62,49.51,46.13,643
354,3,24,12.81,42.58,40.83,309
399,3,24,19.28,38.08,33.53,907
262,1,24,17.17,68.11,63.88,554
208,3,24,5.76,47.76,44.68,320
491,2,24,8.21,36.99,33.09,957
494,1,24,28.83,37.95,35.48,610
73,0,24,35.78,41.23,40.08,41
453,0,24,23.0,69.97,65.35,1046
342,2,24,23.87,40.72,39.21,258
53,0,24,13.93,43.15,38.36,126
269,3,24,31.88,56.37,53.08,442
413,3,24,31.31,41.76,39.54,458
431,2,24,25.59,38.63,35.65,642
69,0,24,12.44,36.35,33.34,103
493,0,24,8.4,42.51,41.42,268
201,2,24,7.25,34.24,31.82,243
99,1,24,25.74,30.75,26.79,196
226,0,24,33.88,62.19,59.15,343
484,1,24,35.04,35.52,33.54,479
145,0,24,21.23,61.04,58.7,169
154,0,24,32.45,61.9,57.45,342
469,0,24,38.14,51.52,48.42,726
299,0,24,14.63,42.39,39.28,464
166,3,24,18.93,35.8,30.95,402
403,1,24,37.6,59.47,57.19,459
277,1,24,16.84,54.06,51.14,404
115,0,24,36.99,56.22,51.97,244
384,0,24,39.34,30.35,26.31,775
467,1,24,28.16,67.1,65.04,481
469,3,24,33.59,32.65,31.05,375
311,2,24,31.23,44.67,40.87,590
344,2,24,29.48,46.11,44.08,349
475,1,24,15.74,30.05,25.36,1113
292,0,24,7.0,49.88,48.36,221
420,0,24,17.01,60.11,57.84,476
235,3,24,28.34,62.93,61.71,143
295,2,24,8.59,65.18,61.37,561
174,3,24,5.42,49.51,44.94,397
317,2,24,9.89,55.23,51.69,561
180,1,24,30.05,33.18,28.43,427
286,2,24,39.05,49.52,48.01,215
67,3,24,39.41,36.19,34.84,45
89,3,24,22.29,44.79,40.44,193
70,3,24,35.43,43.17,38.75,154
448,1,24,30.79,46.94,42.62,967
274,2,24,22.54,52.87,48.67,575
404,2,24,25.05,66.12,63.67,494
331,3,24,9.8,45.78,43.91,309
57,2,24,37.82,69.25,64.53,134
149,0,24,17.32,60.36,58.13,166
289,0,24,20.62,50.46,47.87,374
136,0,24,28.51,55.76,51.96,258
347,2,24,16.69,34.09,31.92,376
477,1,24,13.9,63.78,59.5,1020
63,1,24,27.09,53.29,52.01,40
383,1,24,5.87,69.44,65.28,796
51,1,24,30.23,55.46,52.05,86
424,0,24,22.99,63.36,60.07,697
342,0,24,26.2,61.99,59.16,483
374,3,24,27.12,43.82,41.71,394
471,2,24,23.45,40.38,37.52,673
90,2,24,25.39,47.22,44.42,125
367,1,24,28.93,48.69,45.35,612
365,0,24,31.36,39.6,37.47,388
430,1,24,30.46,65.78,64.47,281
160,3,24,35.44,51.7,50.12,126
63,2,24,11.63,69.14,65.34,119
280,2,24,19.04,62.4,61.31,152
133,1,24,38.17,52.23,47.8,294
179,3,24,18.88,67.88,64.1,338
280,2,24,9.37,50.19,46.12,569
375,3,24,23.39,65.48,61.14,813
194,3,24,8.83,44.33,42.84,144
428,1,24,12.1,45.15,40.86,918
394,0,24,39.94,46.73,43.71,594
77,1,24,23.95,51.87,47.33,174
115,0,24,14.94,52.14,47.59,261
212,3,24,39.82,49.86,48.76,116
278,0,24,38.83,42.24,39.71,351
310,3,24,20.43,67.09,63.98,482
498,2,24,14.11,53.54,49.83,923
473,2,24,34.34,46.31,44.17,506
489,2,24,30.05,56.05,54.04,491
213,1,24,29.04,60.72,58.19,269
350,1,24,36.26,68.43,65.43,525
456,3,24,29.13,49.98,45.18,1094
352,2,24,14.93,34.48,30.43,712
336,1,24,29.29,47.63,44.91,456
444,2,24,15.7,49.16,47.94,270
59,1,24,31.57,65.88,64.21,49
244,0,24,26.69,45.79,42.97,344
167,0,24,7.71,68.13,63.87,355
319,2,24,22.95,49.41,46.89,401
129,3,24,17.02,68.95,65.8,203
142,1,24,16.5,30.33,25.76,324
315,1,24,26.08,65.95,61.29,733
381,0,24,16.28,67.24,65.38,354
399,0,24,32.19,68.44,67.27,233
410,3,24,7.48,30.52,28.3,455
306,3,24,28.11,36.87,33.09,578
182,3,24,33.32,56.15,51.35,436
325,2,24,28.55,31.02,29.71,212
313,0,24,22.4,32.54,31.43,173
220,2,24,38.26,38.84,34.3,499
50,0,24,15.5,50.5,46.51,99
362,0,24,5.67,51.84,46.87,899
113,1,24,20.12,31.37,28.78,146
423,0,24,6.16,36.81,34.15,562
333,0,24,38.39,49.99,48.3,281
170,2,24,12.35,53.76,52.3,124
156,0,24,32.61,35.94,32.63,258
470,2,24,32.11,45.95,43.49,578
224,3,24,12.62,66.18,64.86,147
253,0,24,26.74,69.96,65.41,575
214,0,24,6.68,69.49,67.7,191
354,2,24,21.93,65.27,61.28,706
169,3,24,5.51,45.79,43.66,179
93,1,24,37.24,57.46,53.21,197
361,3,24,39.16,46.66,45.19,265
205,2,24,12.78,55.94,51.92,412
416,3,24,12.28,42.38,40.99,289
256,2,24,31.38,54.25,51.46,357
439,2,24,13.87,50.95,47.01,864
157,1,24,36.33,30.98,29.29,132
300,0,24,25.09,61.63,59.49,321
494,2,24,17.28,30.48,26.02,1101
453,2,24,34.14,41.73,37.19,1028
419,1,24,22.27,30.24,29.06,247
383,2,24,36.91,45.05,43.38,319
179,0,24,37.48,32.53,31.06,131
342,1,24,10.79,66.54,64.82,294
69,0,24,5.08,46.63,41.75,168
331,0,24,39.44,48.38,45.17,531
334,1,24,36.71,43.99,41.12,479
50,2,24,6.94,55.1,50.16,123
168,0,24,34.16,61.38,58.15,271
84,0,24,21.02,55.93,52.29,152
247,0,24,14.06,59.93,57.6,287
294,0,24,35.76,66.24,63.71,371
108,1,24,11.88,64.54,61.16,182
374,1,24,38.16,56.96,55.68,239
210,3,24,12.2,38.59,36.57,212
228,3,24,26.48,55.51,53.72,204
255,0,24,12.81,50.24,49.18,135
61,2,24,24.1,58.69,55.54,96
325,0,24,28.94,63.32,60.08,526
230,2,24,11.66,59.71,57.17,292
291,0,24,23.23,63.86,61.79,301
265,3,24,21.42,32.55,28.94,478
300,3,24,7.49,31.26,29.72,231
348,2,24,33.64,40.34,37.27,534
175,0,24,16.75,66.03,61.96,356
266,2,24,25.11,62.95,61.29,220
355,3,24,23.02,57.31,53.3,711
334,0,24,22.96,58.03,53.99,674
234,0,24,8.75,59.07,57.83,145
88,2,24,19.82,67.7,66.62,47
272,1,24,20.83,63.29,58.39,666
233,2,24,30.68,54.94,53.17,206
476,3,24,34.4,56.63,52.34,1021
227,3,24,24.07,38.55,35.3,368
456,3,24,8.04,56.29,54.23,469
477,3,24,13.29,46.99,45.47,362
343,3,24,10.77,36.12,33.13,512
389,1,24,9.36,62.26,59.63,511
200,0,24,17.81,50.41,46.61,379
433,2,24,13.03,69.1,64.48,1000
175,2,24,12.64,41.27,37.05,369
350,3,24,6.91,49.23,47.13,367
357,2,24,5.62,47.92,43.4,806
385,3,24,8.6,34.83,30.5,833
483,1,24,11.03,47.04,42.32,1139
283,1,24,20.08,41.5,38.67,400
429,0,24,22.87,36.41,32.34,873
424,1,24,9.92,41.29,37.92,714
57,1,24,19.87,39.33,37.09,63
390,0,24,16.96,59.36,54.38,971
178,2,24,11.42,31.23,30.08,102
313,3,24,5.24,54.7,53.05,258
206,3,24,21.35,60.43,55.86,470
401,2,24,29.0,49.23,47.99,248
407,0,24,12.92,67.26,62.71,925
54,2,24,9.61,58.32,54.46,104
135,1,24,36.05,59.92,58.77,77
224,0,24,14.63,37.88,35.16,304
339,0,24,12.83,61.09,57.07,681
242,0,24,35.0,63.28,59.95,402
360,3,24,33.6,44.45,39.71,853
168,2,24,20.69,38.53,34.06,375
267,0,24,22.12,45.4,43.07,311
476,0,24,12.62,59.58,58.24,318
463,0,24,7.74,46.71,41.93,1106
163,2,24,25.07,59.47,56.4,250
194,3,24,8.44,34.54,33.24,126
75,1,24,20.72,62.24,57.97,160
185,3,24,37.92,40.13,35.66,413
352,0,24,38.35,39.96,36.4,626
281,3,24,13.38,53.62,50.83,391
418,3,24,26.84,32.8,29.15,762
125,1,24,21.59,31.05,27.22,239
377,2,24,35.65,40.44,35.87,861
394,2,24,14.5,51.52,46.7,949
351,3,24,5.13,66.3,63.24,537
338,3,24,10.69,63.86,59.67,708
50,2,24,17.23,49.62,44.76,121
196,2,24,16.05,31.48,29.88,156
336,1,24,32.7,51.41,50.34,179
191,0,24,28.82,58.19,53.71,427
102,3,24,15.48,43.57,41.79,90
353,2,24,21.02,34.44,33.27,206
118,3,24,8.34,41.14,39.5,96
410,3,24,36.44,60.86,58.32,520
139,2,24,37.74,44.05,42.17,130
495,1,24,39.29,62.48,60.26,549
269,3,24,35.4,42.78,37.88,659
499,1,24,11.09,36.54,32.72,953
241,2,24,6.62,47.43,43.58,463
112,0,24,25.29,48.09,46.71,77
122,0,24,36.94,30.64,26.71,239
210,3,24,11.21,34.68,30.72,415
218,2,24,5.25,37.4,33.76,396
138,1,24,33.19,34.54,32.63,131
225,3,24,7.69,43.66,40.97,302
318,2,24,19.48,68.58,64.19,698
122,2,24,28.76,50.37,46.69,224
294,1,24,13.29,55.1,51.17,577
126,3,24,7.94,44.26,40.91,211
208,2,24,31.95,42.94,40.14,291
373,2,24,27.06,30.93,26.89,753
147,2,24,39.6,50.01,48.74,93
430,1,24,17.05,49.34,45.65,793
151,3,24,7.16,36.31,31.32,376
181,3,24,30.7,60.57,56.45,372
151,3,24,23.26,49.71,47.55,163
68,3,24,12.46,43.56,41.45,71
131,0,24,32.36,35.88,32.21,240
446,0,24,12.13,52.09,47.51,1021
328,3,24,14.12,60.11,56.8,542
388,1,24,8.24,41.28,38.17,603
414,0,24,18.98,38.75,37.11,339
380,2,24,19.66,50.88,47.02,733
178,0,24,23.01,36.21,32.4,339
393,2,24,29.81,56.66,51.79,956
359,3,24,36.71,54.21,52.01,394
138,0,24,9.82,33.48,29.45,278
262,1,24,6.9,31.46,28.72,358
192,0,24,5.65,54.81,51.58,310
114,0,24,10.03,41.77,37.5,243
125,0,24,28.03,33.46,31.57,118
248,3,24,30.46,60.38,58.01,293
192,1,24,32.53,42.56,38.47,392
454,0,24,13.53,48.38,45.1,744
452,1,24,15.71,39.47,38.1,309
365,3,24,21.91,55.09,52.37,496
142,2,24,7.21,42.06,38.71,237
466,0,24,26.39,68.72,64.08,1081
354,1,24,39.43,58.12,56.37,309
273,1,24,17.63,35.47,31.25,576
340,3,24,31.35,46.67,45.15,258
477,0,24,22.5,45.42,43.45,469
151,2,24,9.47,51.37,49.4,148
316,1,24,25.38,63.68,59.17,712
404,0,24,15.5,53.34,51.54,363
159,2,24,6.2,32.46,28.31,329
379,1,24,27.22,56.22,53.37,540
499,1,24,35.06,30.33,25.33,1247
479,2,24,17.07,61.2,56.84,1044
314,2,24,18.66,56.67,52.71,621
52,3,24,36.19,42.35,37.87,116
134,0,24,33.48,41.7,38.16,237
331,0,24,30.02,61.93,57.56,723
377,3,24,13.71,61.33,59.29,384
353,1,24,36.86,44.09,42.7,245
499,2,24,10.4,41.96,38.5,863
461,2,24,26.94,52.39,49.65,631
166,2,24,6.01,30.33,27.62,224
270,1,24,27.53,33.31,30.2,419
203,2,24,14.7,35.05,32.6,248
202,2,24,20.74,37.42,33.92,353
61,3,24,17.08,50.48,49.36,34
182,1,24,11.05,69.69,64.81,444
353,0,24,26.77,56.1,51.4,829
342,3,24,35.87,32.45,27.71,810
349,3,24,38.57,51.02,48.56,429
277,0,24,11.73,49.87,46.74,433
320,3,24,30.11,35.77,30.95,771
92,1,24,28.25,66.81,62.2,212
481,2,24,17.02,47.63,43.47,1000
392,1,24,5.67,69.78,67.15,515
375,0,24,29.14,46.8,43.54,611
351,0,24,38.09,54.32,50.15,731
413,3,24,27.12,34.19,32.1,431
428,1,24,20.24,48.17,44.66,751
476,1,24,23.38,39.55,35.24,1025
70,0,24,11.99,63.42,59.59,134
456,1,24,31.27,61.36,58.44,665
156,0,24,31.12,62.97,59.63,260
385,1,24,10.09,58.94,53.99,952
352,1,24,35.73,63.31,59.9,600
166,1,24,14.42,38.03,33.89,343
173,0,24,39.38,48.08,44.17,338
448,3,24,18.4,57.67,53.86,853
330,1,24,11.23,55.5,51.63,638
341,0,24,17.31,58.65,55.83,480
252,0,24,20.41,38.97,36.07,365
100,1,24,7.43,33.94,31.07,143
320,1,24,25.24,66.67,65.54,180
373,3,24,25.92,52.41,50.45,365
326,0,24,30.86,36.15,34.53,264
190,0,24,6.02,61.74,57.19,432
324,2,24,23.94,66.6,64.5,340
339,0,24,6.85,36.78,35.23,262
383,3,24,29.54,62.7,61.22,283
430,2,24,6.95,67.33,63.53,816
422,2,24,36.91,67.53,66.51,215
101,2,24,29.57,66.57,63.68,145
76,1,24,22.76,51.86,50.38,56
206,1,24,20.45,44.25,39.85,453
288,0,24,9.57,30.29,25.46,695
205,2,24,15.18,32.44,27.6,496
340,3,24,35.41,47.15,44.38,470
185,1,24,36.66,45.97,42.39,331
193,3,24,5.03,37.39,33.99,328
155,3,24,25.79,45.82,43.42,185
469,1,24,30.18,36.99,34.21,651
207,1,24,26.66,63.95,62.69,130
195,1,24,7.86,41.93,37.75,407
51,1,24,12.62,53.94,51.98,49
482,2,24,13.76,50.11,47.27,684
126,2,24,34.11,32.08,29.16,183
181,2,24,21.21,67.69,64.45,293
139,2,24,22.04,51.09,46.82,296
394,0,24,37.72,43.0,39.23,742
399,2,24,27.3,36.33,32.68,728
312,1,24,36.45,43.54,40.43,485
400,3,24,20.98,30.82,29.44,275
157,2,24,10.23,44.54,41.93,204
123,0,24,37.55,51.26,46.43,297
88,1,24,21.05,64.87,59.89,219
446,3,24,11.36,57.49,53.57,874
208,3,24,15.58,34.46,32.55,198
120,2,24,6.78,35.91,34.5,84
496,3,24,21.39,47.12,44.46,659
361,2,24,34.86,37.83,33.4,799
290,2,24,37.68,31.11,27.22,564
475,1,24,37.64,62.2,57.66,1078
494,1,24,9.38,30.78,27.32,854
347,0,24,18.37,63.23,61.71,263
489,1,24,5.99,35.76,34.3,356
85,1,24,34.93,68.99,67.8,50
133,2,24,17.56,54.15,50.88,217
423,1,24,27.09,59.4,57.43,416
312,2,24,30.02,34.42,30.48,614
359,2,24,20.04,64.48,60.74,671
434,1,24,15.73,63.57,61.3,492
221,0,24,38.68,56.12,54.41,188
425,0,24,38.76,50.09,48.68,299
222,3,24,15.13,58.86,54.91,438
411,3,24,21.79,30.24,27.44,575
96,1,24,39.05,53.7,51.41,109
428,0,24,5.17,63.9,59.47,948
190,2,24,19.44,44.28,40.91,320
424,3,24,8.52,34.33,31.26,650
455,2,24,22.82,46.84,42.87,903
167,3,24,5.86,59.08,54.82,355
326,1,24,19.24,34.29,30.55,609
263,0,24,12.72,38.24,35.48,362
269,3,24,23.67,35.9,33.38,338
442,0,24,39.86,61.88,57.79,903
75,2,24,33.02,32.52,29.45,115
58,1,24,34.6,57.46,53.64,110
320,0,24,27.23,44.66,40.1,729
59,1,24,6.45,60.23,55.57,137
427,0,24,12.24,68.58,66.47,450
170,2,24,37.38,34.58,32.83,148
174,2,24,17.81,42.58,40.53,178
219,1,24,8.63,62.41,58.4,439
121,2,24,29.58,40.65,38.17,150
201,3,24,15.48,38.6,36.91,169
257,0,24,14.41,63.02,61.63,178
98,2,24,39.93,69.48,67.17,113
203,3,24,35.03,52.28,50.74,156
396,1,24,19.28,41.12,39.49,322
342,3,24,39.31,45.94,42.2,639
117,1,24,27.75,36.81,35.73,63
99,1,24,30.97,60.48,59.01,72
201,0,24,6.1,60.94,56.56,440
68,0,24,9.26,65.0,60.62,148
149,3,24,27.16,31.06,28.74,172
109,0,24,36.47,52.48,51.13,73
216,0,24,26.83,38.57,34.75,412
251,0,24,9.69,43.64,41.2,306
394,3,24,9.05,61.4,60.22,232
195,2,24,34.55,37.68,36.05,158
452,0,24,9.88,55.53,53.98,350
213,0,24,23.21,56.18,52.82,357
488,3,24,6.3,68.16,63.57,1119
291,2,24,7.82,61.01,56.84,606
118,0,24,28.53,62.15,58.96,188
224,1,24,29.12,51.26,48.57,301
98,3,24,16.95,37.47,34.0,170
157,0,24,12.55,47.02,44.24,218
275,0,24,33.48,51.98,50.0,272
210,1,24,12.6,57.14,53.42,390
168,1,24,23.97,54.31,49.82,377
198,3,24,38.89,45.76,43.27,246
199,3,24,10.17,40.61,36.24,434
481,1,24,37.93,36.73,34.01,654
342,3,24,11.4,57.75,55.14,446
192,1,24,24.86,55.82,54.71,106
468,0,24,18.2,57.49,53.71,884
209,1,24,38.77,44.9,40.67,442
60,1,24,14.57,40.5,36.85,109
187,2,24,18.99,60.39,58.78,150
127,1,24,39.4,60.95,59.54,89
126,1,24,23.78,48.22,44.93,207
490,2,24,22.59,54.48,51.87,639
303,3,24,14.02,44.94,42.22,412
458,2,24,29.55,58.08,53.21,1115
307,0,24,5.5,63.43,59.53,598
369,2,24,6.73,57.53,54.88,488
340,0,24,25.98,50.5,49.42,183
312,3,24,16.96,48.35,47.21,177
134,2,24,38.37,55.69,51.95,250
195,2,24,36.61,57.19,52.84,424
372,3,24,29.98,52.35,48.52,712
91,0,24,33.64,55.0,52.38,119
423,2,24,28.36,33.86,32.74,236
174,0,24,9.4,68.07,63.2,423
216,2,24,31.79,61.63,56.68,534
474,1,24,12.36,44.96,41.76,758
290,2,24,16.32,52.51,51.23,185
329,3,24,33.67,31.89,28.73,519
237,3,24,23.78,31.65,27.08,541
351,0,24,35.1,40.03,36.31,652
68,2,24,12.46,57.59,53.71,131
117,0,24,26.27,64.09,62.75,78
267,0,24,7.93,52.37,50.94,190
151,1,24,27.51,51.29,49.78,114
91,1,24,31.69,46.09,41.47,210
337,3,24,25.47,36.46,33.36,522
216,0,24,14.32,34.73,30.56,450
158,3,24,6.1,60.43,58.97,115
85,2,24,9.18,67.1,62.39,200
281,0,24,26.78,48.33,44.05,601
278,0,24,37.7,56.38,54.48,264
402,2,24,12.23,66.58,62.08,904
213,2,24,30.73,33.6,31.55,218
436,3,24,35.33,60.82,59.0,396
122,3,24,23.23,54.67,52.61,125
185,2,24,28.42,53.95,49.31,429
402,3,24,33.53,41.7,37.04,936
428,2,24,14.12,57.36,55.04,496
119,0,24,15.39,61.79,57.97,227
474,0,24,5.02,34.51,30.81,876
245,1,24,38.71,51.34,47.11,518
318,0,24,37.11,34.05,31.86,348
98,2,24,31.76,64.9,61.86,148
365,3,24,7.77,50.31,46.64,669
179,1,24,20.66,62.32,61.21,99
493,3,24,8.57,44.72,42.21,618
54,2,24,5.56,35.0,31.22,102
477,0,24,26.57,31.66,29.65,479
76,1,24,38.63,41.26,36.43,183
209,2,24,36.6,39.77,38.65,117
198,1,24,29.39,52.41,47.58,478
313,1,24,8.38,30.87,29.0,292
279,0,24,14.6,50.82,49.62,167
249,2,24,16.2,45.67,43.5,270
99,3,24,31.71,53.08,48.93,205
116,1,24,33.08,58.1,54.09,232
349,1,24,18.48,55.36,53.52,321
430,3,24,19.63,69.39,67.6,384
107,2,24,6.56,35.53,31.96,190
308,1,24,15.12,47.19,44.36,435
391,1,24,20.79,46.99,42.82,815
375,1,24,9.09,46.68,45.58,206
179,2,24,20.86,56.55,53.11,307
264,2,24,34.86,49.59,45.67,517
221,3,24,25.35,50.7,45.73,549
307,2,24,7.76,47.29,43.57,571
151,2,24,11.71,69.67,67.74,145
258,0,24,21.61,67.1,65.67,184
340,3,24,17.65,42.31,38.75,605
403,1,24,17.56,34.46,31.37,622
335,2,24,23.52,63.59,58.99,770
165,1,24,25.45,69.89,65.98,322
313,1,24,32.89,41.7,38.66,475
199,0,24,16.93,44.31,41.7,259
349,2,24,33.19,67.67,65.05,457
491,3,24,16.85,58.45,56.54,468
85,2,24,6.94,41.83,40.76,45
382,1,24,24.4,53.24,49.94,630
336,3,24,25.58,67.77,65.92,310
352,2,24,37.71,62.47,60.64,322
360,1,24,30.41,59.67,58.17,270
257,1,24,37.12,59.48,57.72,226
155,0,24,36.79,37.12,35.99,87
495,0,24,26.16,62.99,59.29,915
207,0,24,23.47,41.04,38.43,270
170,1,24,24.51,67.21,63.96,276
104,2,24,39.24,44.59,41.04,184
449,0,24,32.06,64.31,59.42,1097
61,2,24,8.72,40.65,39.38,38
194,0,24,32.24,50.58,47.91,258
449,3,24,10.97,34.28,32.3,444
445,3,24,20.66,56.4,53.49,647
185,0,24,12.37,63.44,58.76,432
52,1,24,29.14,58.74,54.84,101
193,0,24,35.71,50.93,47.28,352
79,0,24,15.16,31.8,29.04,109
286,1,24,7.87,67.34,63.66,526
328,3,24,15.45,58.22,57.09,185
397,2,24,28.53,59.83,56.49,662
164,0,24,16.51,61.79,58.57,264
153,1,24,14.73,59.91,57.52,182
167,0,24,11.46,47.64,45.83,151
54,1,24,22.41,59.34,55.11,114
409,2,24,14.66,55.0,53.78,249
297,2,24,30.59,64.16,62.88,190
413,3,24,7.68,62.1,59.34,569
370,1,24,28.24,31.65,29.64,371
170,1,24,13.31,45.16,41.18,338
335,3,24,22.12,31.39,27.85,592
198,3,24,15.01,34.08,29.99,404
133,1,24,30.3,54.06,51.76,152
455,3,24,38.09,64.95,60.99,900
280,2,24,37.1,34.79,30.34,622
337,0,24,25.42,48.04,45.66,401
210,2,24,21.19,66.44,64.08,247
321,3,24,33.64,62.57,57.97,738
87,1,24,28.92,50.79,49.59,52
275,1,24,11.42,60.86,58.46,329
191,2,24,33.73,50.91,49.44,140
341,1,24,20.01,36.32,35.2,190
200,3,24,11.61,34.99,33.54,145
163,2,24,14.86,37.53,34.81,221
286,1,24,14.36,44.04,40.29,536
115,0,24,23.17,67.22,65.06,124
410,0,24,13.2,61.99,57.59,901
390,3,24,9.32,47.31,44.56,536
307,1,24,9.33,49.72,44.85,747
298,3,24,25.41,40.62,35.8,718
498,2,24,30.72,58.17,54.08,1018
380,0,24,16.25,62.11,57.38,898
372,2,24,6.21,39.56,35.73,712
229,1,24,9.45,31.67,27.09,524
239,3,24,37.01,54.96,53.01,233
456,3,24,22.27,52.5,50.12,542
203,3,24,20.88,46.09,42.08,407
245,2,24,6.33,55.76,53.06,330
360,0,24,30.5,52.02,47.67,783
311,2,24,23.48,40.02,35.51,701
468,2,24,12.07,45.91,43.71,514
455,1,24,8.85,47.12,42.83,975
476,1,24,18.42,65.21,63.59,385
192,1,24,34.3,68.44,66.1,224
391,0,24,35.29,65.72,62.65,600
365,0,24,26.1,58.77,56.86,348
150,1,24,30.46,53.4,50.08,249
293,1,24,9.03,57.57,54.26,484
61,0,24,25.58,67.56,65.73,55
288,3,24,28.34,40.0,35.82,601
98,0,24,12.02,51.4,47.87,172
91,0,24,35.81,57.58,55.31,103
215,0,24,11.82,57.17,55.24,207
131,1,24,15.97,40.09,35.57,296
478,3,24,26.72,53.47,49.13,1037
340,0,24,27.34,61.84,59.92,326
207,1,24,29.48,49.0,47.86,117
265,2,24,8.92,61.73,57.51,559
207,2,24,34.73,44.4,40.94,358
183,0,24,23.65,67.55,66.15,128
116,2,24,21.5,51.36,48.01,194
385,3,24,39.34,53.84,51.03,540
56,2,24,30.91,31.25,27.15,114
485,2,24,9.13,36.81,34.97,446
63,3,24,31.48,55.32,52.51,88
122,0,24,8.33,46.79,45.17,98
448,0,24,5.96,50.33,45.5,1081
454,3,24,19.13,32.52,28.41,932
212,3,24,39.78,63.37,59.42,418
115,3,24,11.12,61.38,57.62,216
396,2,24,28.54,37.41,34.72,532
179,3,24,11.07,55.37,50.68,419
468,1,24,30.37,62.73,61.44,301
255,2,24,22.69,55.63,51.42,536
325,0,24,28.8,42.42,40.56,302
305,0,24,12.1,56.24,53.94,350
315,0,24,31.1,38.42,35.34,485
74,2,24,39.85,42.73,38.6,152
499,1,24,28.3,39.6,35.25,1085
330,3,24,22.27,52.28,48.95,549
302,3,24,37.31,34.33,31.72,394
359,0,24,5.55,67.33,62.54,859
338,0,24,30.55,43.34,41.35,336
213,2,24,36.11,38.76,34.55,448
144,1,24,7.16,49.86,46.41,248
319,3,24,20.75,41.08,38.57,400
370,2,24,12.17,51.4,50.39,186
159,3,24,24.83,43.94,41.15,221
385,0,24,27.73,35.28,33.17,406
359,3,24,15.59,40.64,39.22,254
287,1,24,21.1,47.54,46.24,186
430,1,24,14.78,31.21,28.82,513
485,0,24,17.93,60.83,57.37,839
436,1,24,10.58,54.87,50.52,948
474,1,24,35.99,54.05,52.32,410
439,2,24,5.35,51.84,49.14,592
74,3,24,35.88,53.61,51.04,95
190,0,24,25.01,67.39,64.34,289
166,0,24,16.61,30.34,26.1,351
441,0,24,30.31,31.91,28.7,707
454,0,24,22.77,37.66,33.27,996
74,0,24,22.47,36.69,33.62,113
128,1,24,8.85,37.25,33.83,218
117,2,24,18.63,56.88,54.13,160
222,0,24,13.44,48.38,44.09,476
493,2,24,5.55,69.67,64.97,1158
61,2,24,17.6,39.08,35.52,108
337,1,24,8.14,42.43,38.15,721
177,0,24,13.99,69.37,68.13,109
145,1,24,8.24,63.27,58.65,334
141,0,24,8.53,48.79,47.03,124
190,1,24,11.97,52.18,50.15,192
80,2,24,39.99,63.73,62.52,48
383,0,24,5.08,49.24,44.38,930
69,3,24,27.35,38.24,33.83,152
195,2,24,9.94,63.14,58.49,453
365,3,24,37.22,51.51,47.12,801
496,2,24,8.28,36.12,33.2,724
439,1,24,38.43,50.22,45.52,1031
209,0,24,26.38,46.53,41.65,509
398,2,24,5.04,65.07,62.06,598
92,1,24,36.29,35.04,33.34,78
303,0,24,23.26,65.01,61.38,549
179,0,24,14.19,50.49,45.59,438
109,2,24,31.85,46.17,41.68,244
200,0,24,37.43,36.48,32.03,444
336,2,24,21.93,58.03,53.29,796
54,0,24,16.04,67.07,62.49,123
467,3,24,32.61,45.02,40.91,959
315,1,24,28.86,39.66,35.79,609
394,3,24,36.11,52.19,50.13,405
179,2,24,29.24,61.85,58.36,312
431,3,24,13.52,30.15,27.06,665
316,2,24,37.61,55.26,50.81,703
227,0,24,8.67,53.86,50.89,337
302,0,24,14.38,42.73,41.22,228
